BsmtFinSF1,YearBuilt,BsmtUnfSF,GarageArea,GrLivArea,BsmtExposure,LotFrontage,MasVnrArea,OpenPorchSF,KitchenQual,OverallQual,OverallCond,GarageYrBlt,BedroomAbvGr,1stFlrSF,2ndFlrSF
477,1950,725,576,2158,Av,84.0,0.0,29,Gd,6,7,1950.0,4.0,2158,0.0
20,2005,1594,865,1614,Av,86.0,240.0,59,Gd,7,5,2005.0,3.0,1614,0.0
156,1925,516,400,1482,No,70.24318658280923,0.0,0,Fa,6,8,1934.0,2.873045078196872,810,672.0
492,1968,402,450,894,No,109.0,0.0,0,TA,5,5,1968.0,3.0,894,0.0
0,1970,864,280,864,No,71.0,0.0,0,TA,4,5,1972.0,3.0,864,0.0
765,2008,252,812,2007,Av,85.0,160.0,52,Ex,10,5,2008.0,3.0,1026,981.0
1005,1988,387,576,1412,Mn,130.0,0.0,0,Gd,6,5,1988.0,3.0,1412,0.0
0,2004,970,380,1709,No,24.0,50.0,40,Gd,7,5,2004.0,2.873045078196872,970,739.0
0,1962,894,308,894,No,60.0,0.0,0,TA,5,5,1962.0,2.0,894,0.0
600,1962,312,440,1734,No,77.0,0.0,0,Gd,6,7,1962.0,3.0,1085,649.0
16,2005,1330,437,1504,No,43.0,14.0,20,Gd,7,5,2005.0,2.0,1504,0.0
0,1936,896,240,1344,No,70.24318658280923,0.0,114,TA,5,4,1936.0,3.0,896,448.0
456,1920,216,468,1344,No,59.0,0.0,128,TA,5,7,1964.0,3.0,672,672.0
0,1955,1005,672,1005,No,60.0,0.0,0,Fa,4,5,1977.0,2.0,1005,0.0
80,2006,1652,712,1776,Gd,93.0,100.0,0,Gd,8,5,2006.0,3.0,1776,0.0
513,1993,227,425,1775,No,75.0,137.0,72,Gd,7,5,1993.0,3.0,1006,769.0
936,1980,0,672,936,Gd,60.0,180.0,0,TA,5,5,1980.0,2.0,936,0.0
512,1966,148,453,1348,No,69.0,266.0,108,TA,6,5,1966.0,3.0,660,688.0
0,1920,530,288,1111,No,60.0,0.0,0,Fa,5,7,1935.0,3.0,581,530.0
0,1957,0,252,1340,Non,60.0,98.0,0,TA,5,6,1957.0,3.0,1340,0.0
862,1996,255,455,2013,Av,92.0,0.0,130,TA,7,5,1997.0,3.0,1127,886.0
533,2000,281,663,1674,No,70.24318658280923,0.0,96,Gd,7,5,2000.0,3.0,814,860.0
896,1977,434,619,2872,No,70.24318658280923,424.0,282,TA,6,7,1977.0,4.0,1542,1330.0
292,1949,476,281,1716,No,60.0,0.0,0,TA,5,4,1949.0,3.0,1148,568.0
152,1925,628,539,1208,No,52.0,0.0,23,TA,4,5,1962.0,2.0,848,0.0
439,1969,115,440,1026,No,61.0,0.0,48,Gd,6,8,1969.0,3.0,1026,345.57741347905284
0,1950,0,400,1040,Non,60.0,0.0,0,TA,3,4,1987.0,2.0,1040,0.0
150,1972,0,0,630,Av,21.0,0.0,24,TA,4,6,1979.0,1.0,630,0.0
0,1960,0,336,1771,Non,100.0,75.0,0,TA,5,4,1960.0,3.0,1771,0.0
0,1875,780,0,1020,No,54.0,0.0,0,TA,5,8,1979.0,2.0,780,240.0
120,1976,958,440,958,No,70.24318658280923,0.0,205,TA,6,5,1977.0,2.0,958,345.57741347905284
0,1992,384,392,1482,No,70.24318658280923,170.0,25,Gd,7,5,1992.0,3.0,812,670.0
0,1921,576,480,1710,No,50.0,0.0,11,TA,7,6,1990.0,3.0,902,808.0
0,1988,1907,766,1959,No,82.0,70.0,0,TA,7,5,1989.0,5.0,1959,0.0
0,1960,978,286,1422,No,70.24318658280923,0.0,0,TA,5,5,1960.0,3.0,1422,0.0
580,1945,333,288,1558,No,60.0,0.0,0,TA,5,6,1962.0,3.0,1048,345.57741347905284
468,1925,396,0,864,No,67.0,0.0,0,TA,5,6,1979.0,2.0,864,0.0
0,2009,1226,740,1226,No,94.0,0.0,36,Gd,7,5,2009.0,2.873045078196872,1226,0.0
0,1956,672,288,960,No,70.24318658280923,0.0,0,TA,4,3,1956.0,3.0,960,0.0
1280,2007,402,846,2332,Av,96.0,272.0,134,Ex,10,5,2008.0,3.0,1742,590.0
0,2008,1417,554,1428,No,91.0,256.0,60,Ex,7,5,2008.0,3.0,1428,0.0
0,1986,1074,461,1088,No,70.24318658280923,0.0,74,Gd,8,5,1987.0,2.0,1088,0.0
300,1993,899,530,1199,No,55.0,0.0,63,Gd,6,5,1993.0,2.0,1199,0.0
0,1976,1090,479,1370,No,80.0,189.0,0,TA,7,5,1976.0,3.0,1370,0.0
0,1940,778,240,1489,No,60.0,0.0,0,TA,6,7,1940.0,3.0,944,545.0
737,1962,175,352,912,No,70.24318658280923,0.0,0,TA,5,6,1962.0,2.0,912,0.0
0,1955,0,392,827,Non,60.0,0.0,0,TA,5,7,1967.0,2.0,827,0.0
490,1935,30,0,754,Av,60.0,0.0,0,TA,6,8,1979.0,2.0,520,0.0
789,1992,119,506,1915,Mn,80.0,0.0,150,Gd,8,5,1992.0,3.0,927,988.0
821,1997,107,470,1764,No,65.0,0.0,99,Gd,6,5,1997.0,3.0,928,836.0
454,1965,314,486,1986,No,85.0,176.0,42,TA,7,6,1965.0,3.0,1186,800.0
428,1953,0,270,1319,No,79.0,0.0,0,TA,5,6,1953.0,3.0,1319,0.0
356,1973,316,264,1218,No,21.0,285.0,28,TA,6,5,1973.0,3.0,672,546.0
493,1969,0,462,1620,No,80.0,263.0,0,TA,5,5,1969.0,4.0,780,840.0
860,1957,132,756,1306,Mn,64.0,0.0,0,TA,5,7,1968.0,2.0,1306,0.0
0,2005,756,615,1553,No,65.0,0.0,45,Gd,7,5,2005.0,3.0,756,797.0
0,1908,504,576,1252,No,92.0,0.0,0,TA,5,8,1986.0,3.0,936,316.0
0,2005,1030,878,2098,Mn,80.0,178.0,52,Ex,8,5,2005.0,2.873045078196872,1038,1060.0
735,2000,257,839,1865,No,70.24318658280923,0.0,184,Gd,7,5,2000.0,3.0,992,873.0
381,1976,399,484,1868,No,70.24318658280923,44.0,96,Gd,5,7,1976.0,4.0,1088,780.0
120,1950,736,271,1668,No,80.0,0.0,0,TA,6,8,1950.0,3.0,1112,345.57741347905284
922,1957,392,294,1314,No,70.0,0.0,0,TA,5,6,1957.0,3.0,1314,0.0
1082,1986,371,445,1453,Gd,70.24318658280923,0.0,80,Gd,7,5,1986.0,2.873045078196872,1453,0.0
187,1965,111,596,2380,No,70.24318658280923,113.0,265,TA,6,5,1965.0,3.0,1465,915.0
0,2000,936,451,1792,No,93.0,318.0,0,TA,6,5,2000.0,3.0,962,830.0
443,1960,662,480,2274,No,80.0,361.0,0,TA,5,5,1960.0,5.0,1105,1169.0
0,1906,756,216,1469,No,60.0,0.0,0,TA,6,7,1906.0,3.0,756,713.0
560,1977,420,484,980,No,71.0,153.0,0,TA,5,6,1986.0,3.0,980,0.0
1277,1957,207,319,1600,Gd,47.0,0.0,258,TA,5,6,1957.0,2.0,1600,0.0
625,1980,0,612,1686,No,79.0,157.0,131,TA,6,6,1980.0,3.0,1686,0.0
0,2004,847,434,1948,No,41.0,0.0,48,Gd,7,5,2004.0,2.873045078196872,847,1101.0
661,1965,203,884,1200,Mn,71.0,166.0,64,Gd,5,8,1977.0,1.0,1200,0.0
0,1966,697,432,2201,Av,70.24318658280923,0.0,236,Gd,6,7,1966.0,4.0,1575,626.0
371,1962,728,296,1431,Gd,101.0,305.0,110,TA,6,5,1962.0,3.0,1431,0.0
1440,1977,0,0,1440,Gd,42.0,0.0,0,TA,4,3,1979.0,4.0,1440,0.0
348,1920,180,0,605,Mn,58.0,0.0,0,TA,4,7,1979.0,2.0,605,0.0
348,1941,324,280,924,No,60.0,0.0,0,Fa,4,4,1941.0,2.0,672,252.0
812,1954,124,286,1128,No,75.0,0.0,0,TA,5,5,1954.0,2.0,1128,0.0
572,1961,572,456,1144,No,75.0,136.0,0,TA,5,6,1961.0,3.0,1144,0.0
0,1926,600,528,747,Mn,52.0,108.0,0,TA,4,5,1953.0,1.0,747,0.0
892,1965,244,384,1136,No,80.0,0.0,0,TA,6,6,1965.0,3.0,1136,0.0
493,1920,1017,520,2792,No,60.0,0.0,547,TA,6,7,1920.0,2.873045078196872,1584,1208.0
193,2005,545,540,1476,No,64.0,0.0,35,Gd,6,5,2005.0,3.0,738,345.57741347905284
604,1999,92,484,1416,No,24.0,0.0,44,Gd,7,5,1999.0,3.0,696,720.0
188,1968,204,270,1060,Mn,70.24318658280923,0.0,90,Gd,5,8,1968.0,3.0,1060,0.0
0,1939,780,280,1412,No,50.0,0.0,0,TA,6,6,1939.0,4.0,825,587.0
216,1882,700,424,1742,No,121.0,0.0,169,Gd,8,9,1925.0,4.0,916,826.0
500,1969,748,968,2634,No,91.0,368.0,0,TA,5,5,1969.0,6.0,1338,1296.0
1218,2002,350,857,1689,No,70.24318658280923,148.0,59,Gd,8,5,2002.0,3.0,1689,0.0
697,2004,151,420,848,Gd,70.24318658280923,147.0,0,Gd,6,5,2004.0,1.0,848,0.0
769,1967,95,288,900,Av,68.0,0.0,144,TA,5,5,1967.0,3.0,900,0.0
116,1930,556,0,840,No,55.0,0.0,0,TA,5,7,1979.0,3.0,840,0.0
0,2004,970,380,1709,No,24.0,50.0,40,Gd,7,5,2004.0,3.0,970,739.0
1460,2005,408,880,2028,Gd,88.0,208.0,66,Gd,8,5,2005.0,2.0,2028,0.0
0,1999,1393,779,2599,No,108.0,165.0,30,Gd,9,5,1999.0,4.0,1422,1177.0
1361,1994,88,711,2448,No,52.0,528.0,76,Gd,8,7,1994.0,4.0,1686,762.0
578,2009,892,484,1478,Av,70.24318658280923,432.0,144,Gd,7,5,2009.0,2.0,1478,0.0
836,1965,237,515,1073,No,79.0,168.0,0,TA,5,7,1965.0,3.0,1073,0.0
0,2006,1249,840,2596,Av,111.0,370.0,154,Gd,9,5,2006.0,4.0,1249,1347.0
0,1924,768,240,792,No,52.0,0.0,0,Gd,5,8,1924.0,2.0,792,0.0
0,1929,792,400,1517,No,70.24318658280923,0.0,0,Gd,8,7,1931.0,3.0,792,725.0
351,1970,1043,621,2217,Gd,95.0,0.0,207,Gd,8,6,1970.0,4.0,2217,0.0
686,2003,162,420,848,Av,37.0,170.0,0,Gd,6,5,2003.0,1.0,848,0.0
0,1980,650,476,1564,No,70.0,130.0,50,TA,6,6,1980.0,3.0,888,676.0
0,1915,840,308,1680,No,63.0,0.0,0,TA,6,7,1960.0,2.873045078196872,840,840.0
733,1993,604,462,1337,No,41.0,0.0,0,Gd,8,5,1993.0,2.0,1337,0.0
1455,1994,989,832,4316,Gd,104.0,1170.0,50,Ex,10,6,1994.0,4.0,2444,1872.0
1200,1977,410,480,1610,Mn,70.24318658280923,28.0,68,Gd,6,7,1977.0,3.0,1610,0.0
619,1968,435,619,2654,Mn,70.24318658280923,220.0,65,Gd,6,7,1968.0,4.0,1512,1142.0
0,1900,0,0,1294,Non,60.0,0.0,114,TA,4,7,1979.0,3.0,694,600.0
403,1940,212,924,778,No,71.0,0.0,25,TA,5,6,1966.0,2.0,778,0.0
1002,1988,0,786,2183,No,70.24318658280923,178.0,0,Gd,7,5,1988.0,4.0,1377,806.0
678,1981,762,467,1440,No,70.24318658280923,310.0,0,Gd,6,7,1981.0,3.0,1440,0.0
1153,2005,408,556,1561,No,60.0,246.0,47,Ex,9,5,2005.0,2.0,1561,0.0
585,1958,630,297,1215,No,66.0,176.0,0,TA,6,7,1958.0,3.0,1215,0.0
1441,1983,55,612,2132,Gd,79.0,0.0,40,Gd,8,8,1983.0,1.0,1496,636.0
1470,1990,203,594,3222,Mn,90.0,0.0,0,Gd,7,5,1990.0,5.0,1699,1523.0
0,2006,625,528,1250,No,35.0,0.0,54,Gd,7,5,2006.0,2.0,625,625.0
0,1954,941,548,1470,No,60.0,0.0,0,TA,4,6,1958.0,4.0,997,345.57741347905284
956,1974,384,624,2614,No,90.0,0.0,243,TA,6,7,1974.0,4.0,1548,1066.0
338,1948,1221,812,1559,No,90.0,0.0,116,TA,5,6,1948.0,2.873045078196872,1559,0.0
936,1976,396,574,1728,Gd,55.0,0.0,0,TA,6,5,1976.0,4.0,1728,0.0
988,1956,200,576,1437,No,70.24318658280923,0.0,0,TA,5,6,1999.0,3.0,1437,0.0
0,1968,1489,462,1489,No,70.24318658280923,0.0,0,Gd,6,7,1968.0,3.0,1489,0.0
554,2006,100,426,1496,Av,58.0,0.0,24,Gd,7,5,2006.0,3.0,664,345.57741347905284
919,1996,801,527,1720,No,59.0,338.0,56,Gd,7,5,1996.0,3.0,1720,345.57741347905284
0,1994,702,343,1481,No,65.0,0.0,36,TA,6,5,1994.0,3.0,702,779.0
748,1959,102,796,1144,Av,70.0,128.0,0,TA,5,6,1959.0,3.0,1144,0.0
1056,1966,0,384,1056,No,70.24318658280923,0.0,42,TA,4,4,1966.0,2.873045078196872,1056,0.0
0,1992,808,389,1593,No,70.24318658280923,0.0,40,TA,6,5,1993.0,3.0,808,785.0
0,1928,861,216,1477,No,52.0,0.0,50,TA,7,7,1928.0,3.0,877,600.0
0,2008,1498,592,1506,No,75.0,284.0,174,Ex,9,5,2008.0,2.0,1506,0.0
0,1952,540,504,1044,Av,66.0,0.0,0,Fa,5,5,1952.0,2.0,1044,0.0
1236,1965,80,513,2036,Gd,150.0,0.0,0,TA,7,5,1965.0,3.0,2036,0.0
309,1973,174,264,987,No,21.0,408.0,0,TA,6,5,1973.0,2.0,483,504.0
894,1972,0,552,894,No,70.0,0.0,0,TA,5,7,1975.0,3.0,894,0.0
0,1954,1050,352,1795,No,81.0,335.0,0,TA,5,5,1954.0,4.0,1050,745.0
374,1960,363,308,1269,No,70.0,0.0,0,TA,5,6,1964.0,3.0,1269,0.0
423,1925,758,576,1694,No,60.0,0.0,0,TA,6,5,1925.0,4.0,1390,304.0
772,1999,220,390,2060,No,70.24318658280923,298.0,0,Gd,7,5,1999.0,3.0,1022,1038.0
0,1910,728,532,2019,No,60.0,0.0,135,Gd,7,8,1997.0,3.0,1136,883.0
697,1958,747,389,2144,Gd,70.24318658280923,472.0,98,Gd,6,7,1958.0,4.0,1444,700.0
386,1942,342,312,1644,No,79.0,224.0,0,Gd,5,7,1942.0,3.0,888,345.57741347905284
0,1920,736,0,1452,No,33.0,0.0,0,TA,4,5,1979.0,2.0,736,716.0
1606,1976,122,560,1728,No,63.0,0.0,0,TA,5,5,1976.0,4.0,1728,0.0
482,1990,971,750,2810,No,70.24318658280923,336.0,0,Gd,8,5,1990.0,4.0,1453,1357.0
0,1910,622,528,1363,No,60.0,0.0,0,TA,4,7,1966.0,3.0,741,622.0
0,2009,1502,644,1502,No,79.0,268.0,114,Gd,7,5,2009.0,3.0,1502,0.0
297,1968,1203,508,2156,No,70.24318658280923,0.0,80,TA,7,7,1968.0,3.0,2156,0.0
812,2006,280,438,1550,No,65.0,100.0,168,Gd,7,5,2007.0,2.0,1112,438.0
1369,2004,317,636,1694,Av,75.0,186.0,57,Gd,8,5,2004.0,3.0,1694,0.0
700,1992,983,541,2872,No,85.0,337.0,33,Gd,8,5,1992.0,4.0,2129,743.0
0,1955,816,300,1393,No,59.0,0.0,0,TA,5,7,1955.0,3.0,872,521.0
378,1939,342,240,2192,No,60.0,0.0,24,Gd,5,8,1939.0,4.0,1052,720.0
498,1960,460,301,958,Mn,70.24318658280923,0.0,0,TA,6,8,1960.0,2.0,958,0.0
0,2002,1459,527,1459,No,70.0,100.0,39,Gd,7,5,2002.0,3.0,1459,0.0
672,1936,0,240,1324,No,50.0,0.0,0,TA,4,6,1936.0,3.0,757,567.0
946,2004,490,484,1436,Mn,65.0,266.0,98,Gd,7,5,2004.0,3.0,1436,0.0
371,1969,292,299,1352,No,80.0,143.0,36,TA,6,7,1969.0,4.0,663,689.0
334,1973,212,286,1092,No,70.24318658280923,0.0,96,TA,4,5,1973.0,3.0,546,546.0
400,2005,466,603,1768,No,75.0,0.0,108,Gd,7,5,2005.0,3.0,866,902.0
247,1966,557,578,1888,No,137.0,0.0,0,Gd,6,6,1966.0,2.0,1888,0.0
841,1953,324,375,1336,Mn,90.0,56.0,0,TA,5,5,1953.0,2.0,1336,0.0
0,1970,630,440,1302,No,24.0,304.0,0,TA,5,5,1970.0,3.0,630,672.0
1128,1918,242,864,2624,No,86.0,0.0,0,TA,6,6,1918.0,4.0,1370,1254.0
1116,1976,165,490,1620,No,70.24318658280923,0.0,78,TA,4,4,1993.0,3.0,1620,0.0
168,1916,0,216,2526,No,60.0,0.0,15,Gd,6,7,1916.0,5.0,1664,862.0
0,2007,1580,830,1580,No,92.0,186.0,24,Gd,8,5,2008.0,3.0,1580,0.0
685,2003,163,420,848,Av,70.24318658280923,170.0,0,Gd,6,5,2003.0,1.0,848,0.0
0,1949,0,287,720,Non,70.24318658280923,0.0,0,TA,3,6,1955.0,2.0,720,345.57741347905284
0,1920,691,216,691,No,60.0,0.0,20,Ex,5,6,1920.0,2.0,691,0.0
648,2005,80,410,1456,Av,63.0,0.0,18,Gd,7,5,2005.0,3.0,728,728.0
241,1900,229,384,1367,No,50.0,0.0,130,TA,5,8,1978.0,4.0,961,406.0
0,2006,1588,825,1588,Av,85.0,410.0,45,Gd,8,5,2006.0,3.0,1588,0.0
197,1916,999,440,1196,No,40.0,0.0,0,TA,4,7,1957.0,2.0,1196,0.0
734,1971,344,500,1078,No,70.24318658280923,0.0,0,TA,5,6,1971.0,3.0,1078,0.0
1246,1977,356,529,1602,No,70.24318658280923,126.0,0,Gd,6,7,1977.0,3.0,1602,0.0
400,1966,336,484,1632,No,70.24318658280923,252.0,40,Gd,6,8,1966.0,4.0,800,832.0
936,2009,364,552,1314,Mn,72.0,72.0,112,Gd,8,5,2009.0,3.0,1314,0.0
622,1928,500,576,1981,No,65.0,0.0,44,Gd,4,3,1981.0,4.0,1328,653.0
510,1968,354,288,874,No,62.0,0.0,0,TA,5,6,1968.0,3.0,874,0.0
523,1920,301,672,3082,No,102.0,0.0,63,TA,7,3,1970.0,5.0,1687,998.0
1238,1999,460,506,1709,Av,50.0,60.0,65,Gd,9,5,1999.0,2.0,1709,0.0
662,2004,186,420,848,Av,70.24318658280923,169.0,0,Gd,6,5,2004.0,1.0,848,0.0
0,1991,1288,462,2417,No,121.0,284.0,82,Gd,8,5,1991.0,4.0,1301,1116.0
649,1999,321,480,1739,No,24.0,456.0,0,Gd,8,5,1999.0,3.0,983,756.0
751,1976,392,504,1113,No,70.24318658280923,174.0,30,TA,6,7,1987.0,3.0,1113,0.0
0,1961,1800,0,1800,No,80.0,0.0,0,TA,5,4,1979.0,6.0,1800,0.0
991,1959,50,270,1041,No,80.0,132.0,88,TA,5,6,1959.0,3.0,1041,0.0
739,1956,405,596,1144,Av,68.0,0.0,0,TA,5,6,1956.0,2.873045078196872,1144,345.57741347905284
648,1965,0,364,960,Av,70.24318658280923,0.0,0,TA,4,9,1965.0,0.0,960,0.0
990,2001,309,531,1872,Av,70.24318658280923,108.0,122,Ex,8,5,2001.0,3.0,1299,573.0
0,2000,1406,504,1936,No,106.0,40.0,124,Gd,8,5,2000.0,3.0,1454,482.0
1213,1954,84,498,1297,No,74.0,650.0,0,TA,5,6,1954.0,2.873045078196872,1297,0.0
672,1962,0,884,1382,Gd,120.0,399.0,0,TA,6,5,1991.0,3.0,1382,0.0
0,2006,1079,685,1919,Av,120.0,0.0,51,Gd,8,5,2006.0,3.0,1079,840.0
1456,1994,168,757,1624,No,89.0,0.0,114,Gd,8,5,1994.0,2.0,1624,0.0
1064,1954,319,354,1383,Mn,70.24318658280923,0.0,116,TA,5,5,1954.0,3.0,1383,0.0
0,1939,732,264,1123,No,50.0,0.0,0,TA,4,5,1979.0,3.0,772,351.0
72,1959,733,576,1287,No,70.24318658280923,0.0,17,Gd,5,7,1997.0,3.0,1287,0.0
720,2004,638,484,1358,Av,59.0,146.0,30,Gd,7,5,2004.0,2.0,1358,0.0
0,2000,384,400,1430,No,76.0,0.0,0,TA,7,5,2000.0,3.0,774,656.0
575,1976,487,831,2715,No,70.24318658280923,289.0,204,Gd,8,9,1994.0,4.0,1175,1540.0
666,2001,278,622,1840,No,79.0,0.0,45,Gd,7,5,2001.0,3.0,944,896.0
859,1973,216,484,2090,Mn,70.24318658280923,240.0,204,TA,7,6,1973.0,3.0,1107,983.0
690,1996,814,478,1504,Gd,73.0,196.0,66,Gd,7,5,1996.0,3.0,1504,0.0
462,1997,154,603,1688,Gd,79.0,0.0,114,Gd,6,5,1997.0,4.0,616,1072.0
336,1948,295,240,1285,No,50.0,0.0,0,TA,5,5,1948.0,2.0,1072,213.0
410,2004,811,400,1221,No,62.0,0.0,113,Gd,7,5,2004.0,2.0,1221,0.0
897,1998,319,402,1216,No,32.0,116.0,125,TA,6,5,1998.0,2.0,1216,345.57741347905284
182,1997,612,388,1470,Av,70.24318658280923,0.0,75,TA,6,6,1997.0,2.873045078196872,794,676.0
570,1958,510,288,1080,No,75.0,135.0,0,TA,6,7,1958.0,3.0,1080,0.0
943,1979,0,600,943,Gd,70.24318658280923,0.0,0,TA,5,5,1979.0,2.0,943,0.0
368,1985,0,528,1502,Av,70.24318658280923,0.0,54,Gd,8,5,1985.0,1.0,1502,0.0
432,1971,432,0,864,No,70.0,0.0,0,TA,4,5,1979.0,3.0,864,0.0
0,1915,840,379,1605,No,60.0,0.0,0,TA,3,6,1915.0,3.0,840,765.0
614,1971,244,0,858,No,70.24318658280923,0.0,0,TA,4,4,1979.0,3.0,858,345.57741347905284
402,1993,594,457,1744,No,70.24318658280923,0.0,70,Gd,7,7,1993.0,3.0,1014,730.0
438,1978,234,440,1386,Mn,70.24318658280923,328.0,0,TA,6,5,1978.0,3.0,672,714.0
0,1949,720,0,1192,No,60.0,0.0,0,TA,4,4,1979.0,4.0,720,472.0
1767,2008,788,672,2402,Gd,105.0,200.0,72,Ex,10,5,2008.0,2.0,2402,0.0
0,1971,672,0,1218,No,21.0,236.0,0,TA,6,5,1979.0,3.0,672,546.0
505,1978,0,576,1026,Gd,70.24318658280923,0.0,0,TA,6,6,1981.0,3.0,1026,0.0
1157,1976,280,528,1437,Gd,90.0,0.0,21,Gd,5,8,1976.0,3.0,1437,0.0
322,1971,536,684,858,No,70.24318658280923,0.0,0,TA,4,6,1979.0,2.0,858,0.0
767,1977,266,540,1126,Av,70.24318658280923,0.0,0,Ex,5,6,1977.0,3.0,1126,0.0
510,1999,90,462,1252,No,24.0,212.0,48,Gd,7,5,1999.0,2.0,624,628.0
226,1954,96,439,1363,Gd,73.0,0.0,0,TA,7,7,1954.0,2.0,1363,0.0
1258,1979,74,586,1524,Gd,70.24318658280923,0.0,0,Gd,7,6,1979.0,0.0,1332,192.0
0,2004,707,403,1414,Av,74.0,0.0,35,Gd,8,5,2004.0,3.0,707,707.0
814,1994,114,471,1721,No,70.0,105.0,87,Gd,6,5,1994.0,3.0,936,785.0
644,1976,549,478,1523,No,104.0,160.0,0,TA,6,5,1976.0,2.873045078196872,1523,0.0
0,1905,482,672,1912,No,60.0,0.0,25,TA,6,7,2003.0,3.0,1221,691.0
0,2008,2002,746,2018,Gd,89.0,0.0,76,Ex,9,5,2009.0,3.0,2018,0.0
483,1976,428,576,954,Av,55.0,0.0,0,TA,5,5,1976.0,3.0,954,0.0
679,1999,811,577,1501,Gd,78.0,183.0,29,Gd,7,5,1999.0,3.0,1501,0.0
425,1931,459,560,1367,No,52.0,0.0,0,TA,6,6,1978.0,3.0,959,408.0
427,1988,132,492,1752,Av,152.0,0.0,12,TA,8,7,1988.0,4.0,1080,672.0
1078,2008,488,750,1566,Av,75.0,36.0,168,Gd,8,5,2008.0,3.0,1566,0.0
350,1922,333,0,904,Gd,70.24318658280923,0.0,0,Fa,1,1,1979.0,1.0,904,0.0
867,1961,77,588,999,Av,70.24318658280923,210.0,76,Ex,7,9,1961.0,3.0,999,0.0
0,1977,808,534,1969,No,92.0,0.0,0,TA,7,6,1977.0,3.0,1161,808.0
600,1957,312,923,1236,No,90.0,0.0,158,TA,6,7,1957.0,2.0,1236,0.0
1036,1980,336,588,1472,Av,70.24318658280923,225.0,48,TA,7,5,1980.0,3.0,1472,0.0
0,2006,1085,753,1970,Mn,86.0,788.0,74,Ex,8,5,2006.0,3.0,1120,850.0
442,1950,625,436,1067,No,60.0,0.0,0,Gd,4,7,1996.0,2.0,1067,0.0
0,2004,864,572,1728,No,65.0,0.0,56,Gd,7,5,2004.0,2.873045078196872,864,864.0
341,2005,772,689,1971,Mn,75.0,0.0,48,Gd,7,5,2005.0,3.0,1113,858.0
0,1921,1073,326,1073,No,60.0,0.0,0,TA,5,6,1968.0,2.0,1073,0.0
987,1993,360,656,2646,Gd,90.0,256.0,60,Gd,7,5,1993.0,2.873045078196872,1372,1274.0
465,1961,447,288,1236,No,65.0,0.0,0,TA,5,7,1961.0,3.0,1236,0.0
546,1982,270,264,816,Gd,76.0,0.0,0,TA,5,7,1982.0,2.873045078196872,816,0.0
1721,2005,356,1134,2097,Mn,49.0,0.0,267,Ex,8,5,2005.0,1.0,2097,0.0
660,1940,323,423,1750,Mn,75.0,0.0,0,TA,6,7,1989.0,4.0,983,767.0
0,2005,728,400,1456,No,51.0,0.0,24,Gd,6,5,2005.0,2.873045078196872,728,728.0
191,1970,673,463,864,No,70.0,0.0,0,TA,4,7,1994.0,3.0,864,0.0
0,1945,747,220,747,No,47.0,0.0,0,TA,4,6,1945.0,2.0,747,0.0
360,1977,709,440,1069,No,53.0,0.0,55,TA,6,5,1977.0,2.0,1069,0.0
985,1992,595,501,1953,Av,70.24318658280923,0.0,231,Gd,6,5,1992.0,3.0,1079,874.0
0,1893,1237,880,2775,No,75.0,0.0,502,Gd,10,9,1988.0,2.873045078196872,1521,345.57741347905284
250,2000,134,400,1430,No,70.24318658280923,0.0,0,TA,7,5,2000.0,3.0,774,656.0
641,1977,276,473,1279,No,75.0,0.0,83,TA,6,6,1980.0,3.0,1279,0.0
0,1974,1064,478,1350,No,78.0,174.0,0,TA,6,5,1974.0,3.0,1350,0.0
294,2009,318,528,1224,Av,30.0,76.0,234,Gd,6,5,2009.0,2.0,612,612.0
0,1998,930,431,1886,No,70.24318658280923,0.0,0,Gd,7,5,1998.0,2.873045078196872,956,930.0
0,1926,960,180,986,No,60.0,0.0,128,TA,6,5,1926.0,2.0,986,0.0
338,1965,121,429,925,No,70.0,0.0,0,TA,5,6,1965.0,2.873045078196872,925,0.0
1447,2004,533,770,1980,Av,129.0,66.0,45,Ex,9,5,2004.0,3.0,1980,0.0
0,2003,847,433,1733,Gd,70.24318658280923,0.0,48,Gd,7,5,2003.0,3.0,847,886.0
312,1940,444,240,1134,No,60.0,0.0,0,TA,5,6,1940.0,3.0,756,378.0
0,2001,1413,605,1430,No,67.0,0.0,33,Gd,7,5,2001.0,3.0,1430,0.0
0,2004,1143,852,2473,Av,76.0,344.0,151,Gd,8,5,2004.0,4.0,1143,1330.0
747,1983,0,504,884,Av,70.24318658280923,0.0,0,Gd,5,7,1983.0,2.0,884,0.0
24,2006,1530,627,1554,Mn,34.0,108.0,73,Gd,8,5,2006.0,2.0,1554,0.0
0,1936,927,576,1539,No,51.0,0.0,0,TA,5,6,1995.0,2.873045078196872,1067,472.0
0,1958,1276,350,1276,No,68.0,0.0,0,TA,5,3,1958.0,2.873045078196872,1276,0.0
578,1970,426,480,1004,No,70.24318658280923,180.0,0,TA,6,7,1970.0,2.0,1004,0.0
1400,2007,310,866,1710,Gd,107.0,436.0,102,Gd,8,5,2007.0,2.0,1710,0.0
553,1970,77,0,630,Av,21.0,0.0,0,Ex,5,7,1979.0,1.0,630,0.0
24,2007,1316,396,1340,Av,73.0,0.0,30,Gd,7,5,2007.0,3.0,1340,0.0
0,1919,793,0,1517,No,85.0,0.0,0,Fa,5,7,1979.0,3.0,997,345.57741347905284
1390,1975,0,611,1701,Gd,70.24318658280923,0.0,0,TA,5,5,1975.0,3.0,1701,0.0
1567,1977,0,714,1567,Gd,70.24318658280923,0.0,32,Gd,6,5,1977.0,2.0,1567,0.0
0,1916,815,225,1690,No,65.0,0.0,0,TA,7,6,1916.0,3.0,815,875.0
1398,1986,0,616,1651,No,47.0,132.0,0,TA,6,5,1986.0,3.0,1651,0.0
0,2006,1293,572,1301,No,60.0,0.0,121,Gd,7,5,2006.0,2.0,1301,0.0
0,2002,936,474,1776,Non,65.0,144.0,96,Gd,7,5,2002.0,3.0,936,840.0
1039,2005,208,550,1247,No,37.0,0.0,84,Gd,8,5,2005.0,1.0,1247,0.0
550,2003,334,543,1768,No,65.0,252.0,63,Gd,7,5,2003.0,2.873045078196872,884,884.0
231,1965,1497,576,1728,No,74.0,108.0,0,TA,5,5,1987.0,6.0,1728,0.0
1387,1995,543,807,3627,Gd,118.0,1378.0,76,Gd,10,5,1995.0,4.0,1831,1796.0
899,1961,210,576,1155,Av,88.0,0.0,0,Gd,5,7,1987.0,3.0,1155,0.0
0,1910,560,384,1346,No,70.0,0.0,24,TA,4,7,1950.0,2.0,796,550.0
329,1945,357,0,866,No,40.0,0.0,42,Gd,5,9,1979.0,2.0,866,345.57741347905284
846,1958,210,308,1056,No,70.0,0.0,0,TA,5,6,1958.0,3.0,1056,0.0
1274,2002,526,765,1800,Gd,85.0,630.0,78,Gd,8,5,2002.0,3.0,1800,0.0
656,1971,602,528,1258,No,80.0,144.0,0,Gd,6,7,1971.0,3.0,1258,0.0
104,1948,516,250,789,No,50.0,0.0,0,TA,5,5,1948.0,2.0,789,0.0
637,1964,849,480,1486,No,75.0,0.0,0,TA,5,7,1968.0,3.0,1486,0.0
650,1969,390,504,2080,Av,70.0,192.0,0,Fa,5,5,1969.0,5.0,1040,1040.0
0,1999,841,502,1675,No,70.24318658280923,0.0,103,TA,6,5,1999.0,3.0,892,783.0
0,1945,0,240,1529,Non,50.0,0.0,0,TA,4,3,1945.0,4.0,1088,441.0
384,1968,143,539,1743,No,90.0,365.0,0,TA,6,6,1968.0,3.0,1041,702.0
24,2006,1346,484,1370,Mn,44.0,178.0,49,Gd,8,5,2006.0,2.0,1370,0.0
522,1977,574,358,1118,Av,76.0,0.0,0,TA,6,6,1977.0,3.0,1118,0.0
616,2001,722,582,1338,Mn,41.0,0.0,0,Gd,8,5,2001.0,2.0,1338,0.0
786,1996,474,500,1288,No,38.0,0.0,30,Ex,8,5,1996.0,1.0,1288,0.0
689,1995,773,810,2794,No,174.0,506.0,146,Ex,8,5,1995.0,4.0,1490,1304.0
0,1984,585,477,1868,No,78.0,74.0,112,TA,6,7,1984.0,3.0,1140,728.0
168,1937,739,672,1131,No,50.0,435.0,72,TA,4,7,1995.0,2.873045078196872,1131,0.0
904,2000,536,736,2153,Mn,70.24318658280923,204.0,142,Ex,9,5,2000.0,3.0,1476,677.0
20,2004,1480,570,1500,Av,63.0,210.0,36,Gd,7,5,2004.0,3.0,1500,0.0
0,2005,1368,474,1368,No,48.0,94.0,35,Gd,7,5,2005.0,2.0,1368,0.0
1003,1996,288,431,1291,Mn,70.24318658280923,0.0,0,Gd,6,5,1996.0,2.0,1291,0.0
0,1979,918,264,918,No,55.0,0.0,0,TA,6,5,1979.0,2.0,918,0.0
510,1940,278,240,804,No,60.0,294.0,0,Gd,5,7,1940.0,2.873045078196872,804,0.0
535,1977,155,440,1426,No,75.0,140.0,0,TA,6,6,1977.0,3.0,698,728.0
444,1963,76,480,1464,Av,70.0,0.0,0,TA,5,6,1997.0,3.0,1464,0.0
336,1983,748,484,1080,No,71.0,0.0,0,TA,6,5,1983.0,3.0,1080,345.57741347905284
0,1999,953,460,1647,No,62.0,0.0,40,TA,6,5,1999.0,3.0,953,694.0
871,2003,611,749,2262,Gd,85.0,226.0,0,Gd,8,5,2003.0,2.873045078196872,1482,780.0
0,1921,731,186,1343,No,54.0,0.0,0,TA,5,6,1921.0,3.0,820,523.0
626,1935,501,540,2108,No,120.0,0.0,0,Gd,6,7,1935.0,4.0,1236,872.0
788,1975,268,495,1074,No,78.0,0.0,88,TA,5,6,1975.0,3.0,1074,0.0
0,2004,847,434,1959,Av,59.0,0.0,48,Gd,7,5,2004.0,4.0,847,1112.0
0,1920,698,528,1128,No,60.0,0.0,0,TA,4,4,1980.0,2.0,698,430.0
368,1941,359,240,1376,No,79.0,0.0,0,TA,5,5,1941.0,3.0,968,408.0
0,1885,641,273,1047,No,60.0,0.0,0,TA,4,7,1954.0,2.0,1047,0.0
240,2005,1752,716,2868,Av,85.0,208.0,108,Ex,9,5,2005.0,4.0,1992,876.0
50,1993,499,678,2097,No,59.0,0.0,187,Gd,7,5,1993.0,3.0,1080,1017.0
552,1954,342,400,894,No,68.0,0.0,0,TA,4,5,1999.0,3.0,894,0.0
851,1939,140,205,1077,No,50.0,0.0,4,TA,5,6,1939.0,2.0,1077,0.0
436,2000,320,440,1525,No,70.24318658280923,456.0,0,Gd,6,5,2000.0,3.0,769,756.0
697,2004,151,420,848,Av,70.24318658280923,147.0,0,Gd,6,5,2004.0,1.0,848,0.0
0,2006,1063,947,2172,No,109.0,350.0,62,Gd,7,5,2006.0,2.873045078196872,1071,1101.0
915,1961,135,368,1050,No,70.24318658280923,0.0,319,TA,5,6,1961.0,3.0,1050,0.0
0,1920,1012,308,1012,No,59.0,0.0,22,TA,6,5,1920.0,2.0,1012,0.0
641,2000,32,490,1382,No,70.24318658280923,0.0,50,Gd,7,5,2000.0,3.0,673,709.0
639,1960,441,528,1656,Gd,141.0,112.0,62,TA,6,5,1960.0,3.0,1656,0.0
603,1948,293,230,2008,No,78.0,0.0,0,Ex,5,8,1948.0,3.0,1112,896.0
312,1947,408,240,1284,No,50.0,0.0,35,TA,5,7,1948.0,2.0,720,564.0
0,2006,1626,866,1634,No,98.0,248.0,44,Gd,8,5,2006.0,3.0,1634,0.0
549,1999,195,440,1501,No,24.0,360.0,0,TA,7,5,1999.0,2.873045078196872,757,345.57741347905284
442,1964,374,540,1977,No,100.0,272.0,52,TA,6,6,1964.0,4.0,1127,850.0
738,2001,319,650,1929,No,70.24318658280923,0.0,235,Gd,7,5,2001.0,3.0,1057,872.0
180,1966,340,384,894,No,99.0,0.0,0,TA,5,5,1966.0,3.0,894,0.0
616,1978,424,0,1040,No,60.0,136.0,0,TA,5,5,1979.0,3.0,1040,0.0
0,1953,936,576,936,No,60.0,0.0,32,TA,4,4,1974.0,2.0,936,0.0
0,1931,952,468,1774,No,51.0,0.0,0,TA,7,5,1931.0,2.0,1022,752.0
1572,2006,80,840,1652,No,108.0,300.0,102,Ex,9,5,2006.0,2.0,1652,0.0
609,1963,785,514,1394,No,70.24318658280923,247.0,76,TA,6,5,1963.0,3.0,1394,0.0
0,2005,893,800,1801,No,72.0,0.0,116,Gd,8,5,2005.0,3.0,901,900.0
664,1900,290,520,2414,No,60.0,0.0,0,TA,5,4,1970.0,3.0,1766,648.0
1016,1968,36,288,1052,Av,70.0,168.0,0,TA,5,5,1968.0,3.0,1052,0.0
0,1918,816,576,1416,No,70.24318658280923,0.0,0,Gd,5,7,2007.0,3.0,1416,0.0
360,1941,360,660,1382,No,70.24318658280923,0.0,0,TA,5,6,1991.0,2.0,854,0.0
231,1972,399,264,1302,No,21.0,268.0,0,TA,5,7,1972.0,3.0,630,672.0
378,2000,378,440,1573,No,70.24318658280923,216.0,32,Gd,6,5,2000.0,3.0,769,804.0
24,2006,1290,440,1314,No,78.0,0.0,22,Gd,6,5,2006.0,3.0,1314,0.0
256,1914,1184,0,3395,No,60.0,0.0,110,Fa,6,7,1979.0,8.0,1440,1440.0
319,1917,416,396,2058,No,60.0,0.0,0,TA,6,5,1950.0,3.0,1134,924.0
483,2003,458,613,1829,No,44.0,223.0,39,Gd,7,6,2003.0,3.0,941,888.0
464,2006,927,868,1962,Mn,73.0,0.0,90,Gd,7,5,2006.0,3.0,1391,571.0
656,1972,112,396,768,Av,70.0,0.0,0,TA,5,7,1988.0,2.0,768,0.0
1014,1964,138,484,1152,Av,70.24318658280923,86.0,0,TA,5,7,1964.0,3.0,1152,0.0
550,1975,163,434,1552,No,85.0,0.0,208,TA,6,6,1975.0,3.0,811,741.0
0,1998,866,546,1779,Av,80.0,0.0,36,Gd,7,5,1998.0,2.873045078196872,866,913.0
280,1975,167,308,938,Av,70.24318658280923,0.0,0,TA,5,6,1977.0,3.0,938,0.0
842,1967,70,336,912,No,70.0,0.0,0,TA,5,5,1974.0,3.0,912,0.0
280,1940,140,0,708,No,50.0,0.0,0,Fa,4,7,1979.0,2.0,708,0.0
905,2006,357,572,1262,No,60.0,68.0,120,Gd,6,5,2006.0,2.873045078196872,1262,0.0
326,1934,389,240,1660,No,74.0,0.0,0,TA,6,7,1939.0,3.0,849,811.0
0,1927,1008,360,1028,No,56.0,0.0,0,TA,5,6,1927.0,2.0,1028,345.57741347905284
0,1920,901,0,1198,No,60.0,0.0,98,TA,6,7,1979.0,4.0,1088,110.0
1249,1965,103,529,1786,Gd,70.24318658280923,0.0,0,TA,5,6,1965.0,3.0,1619,167.0
298,1996,572,576,914,Av,57.0,0.0,0,TA,5,5,1998.0,2.0,914,0.0
965,1989,245,628,2519,Gd,42.0,293.0,27,Gd,7,5,1989.0,4.0,1238,1281.0
588,1981,606,576,1422,No,78.0,210.0,0,Gd,6,6,1981.0,3.0,1422,0.0
0,1966,756,442,1839,No,70.0,351.0,124,TA,6,5,1966.0,4.0,1051,788.0
1513,2007,125,800,1646,Gd,71.0,338.0,44,Gd,8,5,2008.0,3.0,1646,0.0
385,1996,70,550,1661,Av,43.0,0.0,61,Gd,7,6,1996.0,3.0,827,834.0
611,1990,577,497,1217,Av,70.24318658280923,0.0,27,Gd,7,5,1990.0,3.0,1217,0.0
0,1923,440,0,869,No,51.0,0.0,0,Fa,4,7,1979.0,2.0,869,0.0
553,1965,224,336,894,No,65.0,0.0,144,TA,5,8,1973.0,3.0,894,0.0
788,2002,785,544,1573,No,67.0,110.0,72,Gd,7,5,2002.0,3.0,1573,0.0
986,1998,484,696,2630,No,80.0,473.0,66,Gd,8,5,1998.0,4.0,1470,345.57741347905284
0,2006,1935,895,1973,Av,110.0,375.0,45,Gd,8,5,2006.0,3.0,1973,0.0
1032,1994,431,712,2622,Av,98.0,362.0,32,Gd,8,5,1994.0,3.0,1500,345.57741347905284
56,1995,1198,752,2531,Av,65.0,513.0,98,Gd,8,5,1995.0,4.0,1328,1203.0
312,1964,0,288,912,No,66.0,0.0,0,TA,5,5,1964.0,2.0,912,0.0
1186,1957,291,416,1839,No,110.0,106.0,87,Gd,6,7,1957.0,3.0,1839,345.57741347905284
412,1971,251,280,950,No,61.0,0.0,0,TA,5,5,1981.0,2.873045078196872,950,0.0
528,1958,245,601,1414,No,87.0,0.0,51,TA,6,8,1990.0,3.0,1414,0.0
266,1998,1139,511,1337,No,34.0,0.0,68,Gd,6,5,1998.0,2.0,1337,0.0
1198,1969,0,400,1258,Av,60.0,0.0,0,TA,4,4,1969.0,0.0,1258,0.0
403,1941,238,240,1578,No,79.0,0.0,0,Fa,6,7,1941.0,3.0,958,620.0
0,2007,874,578,1761,No,84.0,0.0,105,Gd,7,6,2007.0,3.0,874,887.0
120,1951,744,400,864,No,140.0,0.0,0,TA,4,5,1951.0,2.0,864,0.0
697,1960,571,461,1264,No,73.0,324.0,0,TA,5,5,1960.0,3.0,1264,0.0
0,1936,264,0,800,No,51.0,0.0,0,Fa,2,3,1979.0,1.0,800,0.0
311,1978,544,440,1456,No,24.0,0.0,0,TA,6,5,1978.0,3.0,855,601.0
588,1960,422,254,1134,No,70.0,45.0,16,TA,5,7,1960.0,2.0,1134,0.0
1005,2001,262,471,1296,No,70.24318658280923,136.0,25,Gd,8,5,2001.0,2.0,1296,0.0
0,2006,1670,690,1670,No,50.0,27.0,60,Gd,7,5,2006.0,3.0,1670,0.0
0,1990,1424,500,1442,No,99.0,0.0,34,TA,7,5,1990.0,3.0,1442,0.0
936,1977,190,484,1126,No,80.0,0.0,41,TA,5,5,1977.0,3.0,1126,0.0
0,1998,1141,420,2263,No,93.0,650.0,123,Gd,8,5,1998.0,4.0,1165,345.57741347905284
1283,1977,0,621,1647,Mn,80.0,459.0,0,Gd,5,6,1977.0,3.0,1647,0.0
445,1966,479,487,2157,No,88.0,309.0,66,Gd,7,6,1966.0,4.0,1216,941.0
900,2005,406,624,1306,Av,34.0,135.0,63,Gd,6,5,2005.0,1.0,1306,0.0
0,1928,896,342,1913,No,57.0,0.0,0,TA,6,6,1929.0,3.0,1172,741.0
0,1956,1436,480,1689,No,73.0,0.0,0,TA,6,5,1956.0,3.0,1689,0.0
1097,1978,0,602,1110,Av,70.24318658280923,104.0,30,Gd,5,6,1978.0,2.873045078196872,1110,0.0
0,1908,907,360,2358,No,75.0,0.0,40,TA,6,8,1908.0,5.0,1307,1051.0
0,1880,636,240,1750,No,50.0,0.0,0,Ex,5,6,1937.0,3.0,1089,661.0
786,2000,173,472,1671,No,58.0,0.0,38,TA,6,5,2000.0,3.0,959,712.0
1159,1963,413,995,1572,Gd,50.0,226.0,263,TA,5,4,1963.0,3.0,1572,0.0
0,1950,721,294,841,No,60.0,0.0,0,TA,4,4,1950.0,2.0,841,345.57741347905284
168,1957,284,484,1803,No,88.0,67.0,0,TA,5,4,1957.0,3.0,1803,0.0
916,1973,326,528,1242,No,80.0,320.0,0,TA,7,6,1973.0,3.0,1242,0.0
0,1950,0,420,1048,Non,60.0,0.0,27,TA,5,5,1950.0,3.0,1048,0.0
1200,1997,279,576,1494,Gd,79.0,0.0,27,Gd,6,5,1997.0,3.0,1494,0.0
0,1924,572,0,1096,No,60.0,0.0,8,TA,6,5,1979.0,2.0,572,524.0
0,1929,862,208,1158,No,50.0,0.0,0,TA,6,7,1929.0,3.0,950,208.0
0,1996,1264,889,2344,No,79.0,921.0,0,Gd,7,5,1996.0,3.0,1277,1067.0
660,1972,108,396,768,Av,60.0,0.0,0,TA,5,8,1974.0,2.0,768,0.0
0,2006,728,440,1456,No,85.0,0.0,0,Gd,7,5,2006.0,3.0,728,728.0
468,1926,350,210,1224,No,70.24318658280923,0.0,0,TA,6,8,1926.0,3.0,818,406.0
262,1940,599,539,861,No,70.24318658280923,0.0,0,TA,4,5,1961.0,1.0,861,0.0
0,2003,1181,656,2374,No,93.0,340.0,100,Ex,8,5,2003.0,4.0,1234,1140.0
824,1963,216,308,1040,No,75.0,0.0,0,TA,5,5,1963.0,3.0,1040,0.0
929,2007,556,754,1464,Gd,49.0,84.0,160,Gd,8,5,2007.0,3.0,1464,0.0
0,1923,1200,312,1200,No,84.0,0.0,0,TA,6,5,1923.0,4.0,1200,0.0
648,1997,176,684,1786,No,69.0,0.0,162,Gd,6,5,1997.0,3.0,905,881.0
16,2005,1129,397,1145,No,43.0,11.0,16,Gd,7,5,2005.0,2.0,1145,0.0
0,1925,884,216,1348,No,50.0,0.0,0,TA,5,8,1960.0,3.0,884,464.0
680,2004,400,0,1080,No,63.0,120.0,0,Gd,7,5,1979.0,3.0,1080,0.0
0,2005,1141,484,1141,No,63.0,0.0,0,TA,6,5,2005.0,3.0,1141,0.0
0,1976,1680,528,1680,No,70.24318658280923,164.0,0,TA,5,6,1976.0,4.0,1680,0.0
685,2003,163,420,848,Av,70.24318658280923,170.0,0,Gd,6,5,2003.0,1.0,848,0.0
0,1937,780,198,1376,No,50.0,0.0,0,TA,6,6,1937.0,3.0,780,596.0
1148,1985,594,564,1742,Gd,70.24318658280923,0.0,28,Gd,8,5,1985.0,2.0,1742,0.0
0,2006,1352,466,1352,No,47.0,0.0,241,Gd,7,5,2006.0,2.0,1352,0.0
399,1947,605,420,1664,No,50.0,0.0,24,TA,6,7,1950.0,3.0,1004,345.57741347905284
1012,1993,326,796,2520,No,70.24318658280923,0.0,55,Gd,8,7,1993.0,5.0,1352,1168.0
0,1923,602,180,1502,No,55.0,0.0,0,Gd,6,7,1923.0,3.0,900,602.0
623,1984,0,264,752,No,50.0,0.0,0,TA,6,5,1984.0,2.0,752,0.0
383,1957,833,364,1526,Av,68.0,145.0,78,TA,5,6,1957.0,4.0,1526,0.0
340,2003,1342,544,1700,Av,70.0,120.0,23,Gd,6,5,2003.0,3.0,1700,0.0
20,2005,1342,460,1362,Av,61.0,256.0,28,Gd,6,5,2005.0,2.0,1362,0.0
656,2004,300,618,2084,No,76.0,0.0,45,Gd,7,5,2004.0,4.0,956,1128.0
716,1995,274,576,990,No,43.0,0.0,0,TA,5,5,1996.0,3.0,990,0.0
0,2006,868,422,2021,No,168.0,0.0,100,Gd,7,5,2006.0,3.0,887,1134.0
454,1965,410,492,1820,Gd,70.24318658280923,288.0,84,Gd,7,6,1965.0,4.0,902,918.0
617,1924,0,398,1310,No,50.0,0.0,0,TA,6,6,1924.0,2.0,865,445.0
425,1960,160,505,2069,Gd,313.0,0.0,0,Gd,7,7,1960.0,4.0,2069,0.0
35,1953,905,450,2259,Mn,70.24318658280923,184.0,120,Gd,6,5,1953.0,3.0,2259,0.0
0,2006,1258,648,1258,Av,53.0,72.0,16,Gd,7,5,2007.0,2.0,1258,0.0
0,2006,1498,675,1498,Mn,73.0,0.0,33,Gd,7,5,2006.0,2.0,1498,0.0
1218,2007,486,772,1704,No,98.0,200.0,50,Gd,8,5,2008.0,3.0,1704,345.57741347905284
831,1955,161,377,1661,Av,80.0,0.0,28,Gd,6,6,1955.0,3.0,1661,0.0
380,1993,397,471,1911,No,80.0,125.0,81,Gd,8,5,1993.0,3.0,1065,846.0
0,1998,935,462,1632,No,63.0,0.0,28,TA,7,5,1998.0,3.0,955,345.57741347905284
1172,2006,528,786,1718,Gd,96.0,230.0,48,Ex,10,5,2008.0,3.0,1718,345.57741347905284
0,1999,776,492,1441,No,24.0,456.0,0,Gd,8,5,1999.0,2.0,764,677.0
685,1982,173,576,858,Av,70.24318658280923,0.0,0,TA,5,5,1983.0,2.0,858,0.0
0,2007,1689,954,1689,Av,83.0,0.0,56,Gd,7,6,2007.0,3.0,1689,0.0
392,1924,392,392,1221,No,60.0,0.0,0,TA,5,7,1965.0,4.0,949,272.0
0,2007,1316,440,1316,Av,103.0,0.0,20,Gd,7,5,2007.0,3.0,1316,0.0
0,2000,953,460,1664,No,70.24318658280923,0.0,40,TA,6,5,2000.0,3.0,953,711.0
0,2008,1926,820,3140,No,104.0,860.0,78,Ex,9,5,2009.0,4.0,1966,1174.0
0,1997,926,470,1604,No,100.0,0.0,36,TA,6,5,1997.0,3.0,926,678.0
167,1955,697,572,864,No,60.0,0.0,0,TA,5,7,1957.0,2.0,864,0.0
0,1970,546,286,1092,No,21.0,80.0,0,TA,4,5,1970.0,3.0,546,546.0
1288,2007,294,789,2161,No,86.0,300.0,120,Ex,8,5,2007.0,3.0,1610,551.0
854,1998,371,676,2612,No,98.0,975.0,0,Gd,8,5,1998.0,4.0,1276,1336.0
2260,2007,878,884,4676,Gd,130.0,762.0,406,Ex,10,5,2007.0,3.0,3138,1538.0
1110,1969,734,540,1844,Av,70.24318658280923,312.0,73,Gd,6,5,1969.0,3.0,1844,0.0
0,1954,832,528,832,No,59.0,0.0,0,Gd,6,6,1962.0,2.0,832,0.0
24,2009,732,614,1547,Mn,72.0,0.0,45,Gd,7,5,2009.0,3.0,764,783.0
980,1987,92,551,1137,No,54.0,72.0,0,Gd,6,6,1987.0,2.0,1137,345.57741347905284
1422,2005,392,758,1826,Gd,69.0,238.0,75,Gd,8,5,2005.0,3.0,1826,0.0
0,2006,879,660,1863,Av,58.0,0.0,17,Gd,7,5,2006.0,4.0,879,984.0
0,1999,1468,577,1479,No,93.0,125.0,25,Gd,7,5,1999.0,3.0,1479,0.0
321,1970,162,280,987,No,21.0,127.0,0,TA,6,6,1987.0,2.873045078196872,483,504.0
350,1936,0,576,1135,No,60.0,0.0,0,Gd,7,9,1971.0,3.0,575,560.0
518,1993,179,420,1501,No,70.24318658280923,112.0,63,Gd,6,5,1993.0,3.0,697,804.0
0,1976,793,550,1935,No,70.24318658280923,233.0,113,TA,7,7,1976.0,3.0,1142,793.0
0,1921,612,621,2601,No,51.0,0.0,0,TA,5,6,1998.0,4.0,990,1611.0
0,1946,651,240,1389,No,60.0,0.0,0,TA,7,8,1947.0,3.0,707,682.0
0,1904,650,686,1539,No,60.0,0.0,78,Gd,5,8,1983.0,3.0,958,581.0
0,1940,728,0,1306,No,55.0,0.0,0,Fa,3,2,1979.0,3.0,1306,0.0
776,1963,344,525,1128,Mn,80.0,148.0,20,TA,5,6,1963.0,3.0,1128,0.0
28,2005,1288,397,1316,No,65.0,0.0,0,Gd,6,5,2005.0,3.0,1316,0.0
450,1967,432,280,900,No,70.24318658280923,31.0,0,TA,5,5,1970.0,3.0,900,0.0
593,1962,595,312,1188,No,70.24318658280923,189.0,39,TA,5,7,1962.0,3.0,1188,0.0
1285,1953,131,418,1644,No,80.0,238.0,0,TA,6,5,1953.0,3.0,1644,0.0
895,1957,197,299,1092,No,69.0,0.0,0,TA,5,5,1957.0,2.0,1092,0.0
1400,2000,125,541,1525,Av,70.0,244.0,36,Gd,7,5,2000.0,3.0,1525,0.0
568,1966,264,444,2087,Gd,70.24318658280923,157.0,168,Gd,6,8,1966.0,5.0,976,1111.0
540,1954,728,244,1268,No,78.0,200.0,98,TA,5,6,1954.0,2.0,1268,0.0
428,2006,1048,472,1484,Av,64.0,32.0,33,Ex,8,5,2006.0,2.873045078196872,1484,0.0
0,1995,384,400,1474,No,70.24318658280923,22.0,72,TA,7,5,1995.0,3.0,804,670.0
0,1998,880,527,1724,Av,57.0,0.0,155,Gd,7,5,1998.0,3.0,880,844.0
206,2007,914,0,1120,No,70.0,0.0,30,TA,5,5,1979.0,2.873045078196872,1120,0.0
442,1974,459,540,1876,No,76.0,270.0,69,Gd,6,6,1974.0,4.0,943,933.0
0,2006,1489,776,1489,No,81.0,0.0,140,Gd,8,5,2006.0,3.0,1489,0.0
381,1999,348,440,1471,No,34.0,894.0,24,TA,6,5,1999.0,3.0,742,729.0
189,1957,628,442,1478,No,70.0,0.0,0,TA,6,3,1957.0,3.0,1478,0.0
659,2005,705,484,1364,Av,43.0,240.0,36,Gd,7,5,2005.0,2.0,1364,0.0
588,1994,402,0,990,No,60.0,0.0,0,TA,4,5,1979.0,3.0,990,0.0
759,2004,80,398,1593,No,62.0,0.0,75,TA,6,5,2004.0,3.0,864,729.0
162,1972,321,264,987,No,21.0,510.0,0,Gd,6,8,1972.0,2.873045078196872,483,504.0
1126,2007,600,786,1726,No,79.0,205.0,138,Ex,7,5,2007.0,3.0,1726,0.0
1336,2008,596,774,1932,Av,96.0,426.0,66,Ex,8,5,2008.0,2.0,1932,0.0
0,1960,1065,461,1065,No,80.0,66.0,0,TA,5,5,1974.0,3.0,1065,0.0
361,2001,602,564,1792,No,80.0,172.0,96,Gd,7,5,2001.0,3.0,963,829.0
24,2006,1550,824,1574,No,75.0,53.0,104,Gd,8,5,2006.0,3.0,1574,0.0
552,1968,280,486,1978,No,70.24318658280923,342.0,43,TA,7,5,1968.0,4.0,1098,880.0
885,1974,0,528,1173,Gd,85.0,81.0,120,Gd,7,6,1974.0,3.0,1173,0.0
1350,2006,626,908,1976,Gd,110.0,304.0,63,Gd,8,5,2006.0,2.0,1976,0.0
599,1967,277,288,902,No,70.24318658280923,75.0,0,TA,5,6,1967.0,3.0,902,0.0
0,2008,1622,860,1630,Gd,61.0,270.0,42,Ex,8,5,2008.0,3.0,1630,0.0
0,2006,1494,840,1494,Av,91.0,306.0,33,Gd,7,5,2006.0,3.0,1494,0.0
708,1957,108,308,816,No,73.0,0.0,0,TA,5,7,1957.0,2.0,816,0.0
0,1995,1237,402,1253,No,63.0,38.0,21,TA,7,5,1995.0,3.0,1253,0.0
904,2007,410,626,1314,No,34.0,166.0,62,Gd,7,5,2008.0,2.0,1314,0.0
280,1950,752,288,1252,No,80.0,0.0,0,TA,6,5,1950.0,3.0,1032,220.0
0,2004,600,480,1200,No,30.0,0.0,172,Gd,7,5,2004.0,2.0,600,600.0
0,1926,768,200,789,No,55.0,0.0,0,TA,5,5,1926.0,2.0,789,0.0
460,1972,404,338,864,Av,36.0,0.0,0,TA,5,6,1972.0,2.873045078196872,864,0.0
290,1940,706,0,996,No,63.0,0.0,0,TA,5,6,1979.0,3.0,996,0.0
994,1997,484,508,1493,Gd,75.0,215.0,39,Gd,6,5,1997.0,2.873045078196872,1493,0.0
863,2006,461,550,1324,No,48.0,176.0,38,Gd,8,5,2006.0,2.0,1324,345.57741347905284
0,2001,1753,522,1788,Av,70.24318658280923,0.0,151,Ex,8,5,2001.0,3.0,1788,0.0
1416,2003,234,841,3279,Gd,47.0,603.0,36,Ex,8,5,2003.0,4.0,1690,1589.0
0,1955,0,0,1152,Non,65.0,0.0,0,Fa,4,5,1979.0,2.873045078196872,1152,0.0
0,2002,831,493,1660,No,68.0,95.0,68,Gd,7,5,2002.0,3.0,831,829.0
0,1972,689,583,2119,No,70.24318658280923,333.0,104,TA,6,6,1972.0,3.0,1378,741.0
0,1997,964,642,2236,No,70.24318658280923,285.0,0,Gd,7,5,1997.0,4.0,993,1243.0
495,1972,135,0,630,Av,21.0,0.0,0,TA,4,7,1979.0,1.0,630,0.0
970,2004,166,872,2468,Av,99.0,388.0,154,Gd,8,5,2004.0,4.0,1136,1332.0
690,2001,114,560,1961,No,71.0,0.0,192,Gd,6,5,2001.0,3.0,804,1157.0
988,2007,398,660,1569,No,51.0,130.0,20,Gd,7,5,2007.0,1.0,1569,0.0
534,1950,246,276,988,No,60.0,0.0,80,TA,5,7,1950.0,3.0,988,0.0
1567,2003,225,874,1792,Gd,72.0,562.0,49,Ex,9,5,2003.0,2.0,1792,0.0
0,1970,1442,615,1442,No,70.24318658280923,571.0,0,TA,6,6,1970.0,2.0,1442,0.0
945,1975,0,0,980,Gd,35.0,250.0,0,TA,6,5,1979.0,4.0,980,0.0
28,1986,0,576,2730,Gd,86.0,172.0,96,Gd,7,5,1987.0,4.0,1553,1177.0
0,2005,1094,642,2482,Gd,88.0,245.0,39,Gd,8,5,2005.0,4.0,1133,1349.0
714,1997,88,413,1511,Av,70.0,0.0,75,TA,6,5,1997.0,3.0,802,709.0
328,1966,285,564,1320,Av,96.0,97.0,68,TA,5,6,1966.0,3.0,1320,0.0
986,2002,668,900,1654,No,70.24318658280923,295.0,136,Gd,7,5,2002.0,3.0,1654,0.0
739,1997,318,645,2034,No,70.24318658280923,573.0,36,Gd,7,5,1998.0,2.873045078196872,1057,977.0
414,1959,450,288,864,No,60.0,207.0,0,Gd,6,6,1959.0,2.0,864,345.57741347905284
0,2007,1372,529,1372,No,72.0,0.0,140,Gd,7,5,2008.0,3.0,1372,345.57741347905284
1086,1979,0,528,1224,Av,64.0,275.0,0,TA,5,5,1979.0,2.0,1224,0.0
0,1927,520,240,520,No,60.0,0.0,0,Fa,4,6,1920.0,1.0,520,0.0
16,2007,1450,610,1466,Av,73.0,0.0,18,Gd,8,5,2007.0,3.0,1466,345.57741347905284
812,1964,812,390,1582,Av,70.24318658280923,621.0,198,TA,5,5,1964.0,4.0,1582,0.0
0,2007,1571,722,1571,Gd,89.0,80.0,36,Gd,8,5,2007.0,3.0,1571,0.0
212,1991,762,0,974,Mn,63.0,0.0,28,TA,5,5,1979.0,3.0,974,0.0
0,1971,912,0,1824,Av,94.0,0.0,0,TA,6,5,1979.0,4.0,912,912.0
1282,2001,1351,804,2633,Gd,70.24318658280923,705.0,140,Ex,10,5,2001.0,2.0,2633,0.0
637,1920,0,570,1336,No,60.0,0.0,47,TA,4,6,1994.0,3.0,897,439.0
0,1935,894,1248,894,No,120.0,0.0,20,TA,3,4,1994.0,2.0,894,0.0
392,1977,768,505,2022,No,83.0,299.0,117,TA,7,5,1977.0,4.0,1156,866.0
0,2005,728,390,1456,No,65.0,0.0,24,Gd,6,5,2005.0,3.0,728,728.0
1040,1950,124,240,1164,No,68.0,0.0,48,TA,5,5,1950.0,3.0,1164,0.0
783,1988,678,600,1509,Av,85.0,219.0,0,Gd,6,5,1988.0,3.0,1509,0.0
1619,1993,100,473,1719,Gd,32.0,0.0,30,Gd,8,5,1993.0,1.0,1719,0.0
655,2000,490,836,2198,Av,84.0,350.0,84,Gd,8,5,2000.0,4.0,1145,345.57741347905284
16,1925,712,546,1641,No,60.0,0.0,0,Ex,7,7,1925.0,3.0,832,809.0
0,2008,1694,776,1694,Av,64.0,72.0,33,Gd,8,5,2008.0,2.873045078196872,1694,0.0
724,2004,64,388,1490,Av,60.0,0.0,75,Gd,7,5,2004.0,3.0,788,702.0
603,1953,701,667,2287,No,81.0,0.0,21,TA,7,4,1953.0,2.873045078196872,1304,983.0
0,2006,1234,666,2576,No,82.0,466.0,100,Ex,8,5,2006.0,4.0,1264,1312.0
0,2009,846,650,1692,Av,83.0,0.0,114,Gd,7,5,2009.0,3.0,846,846.0
0,1925,702,250,1472,Mn,60.0,0.0,0,Gd,5,8,1925.0,3.0,842,630.0
0,1962,1140,349,1696,No,40.0,0.0,30,TA,5,5,1962.0,3.0,1696,0.0
504,1971,506,440,1052,Av,80.0,80.0,0,TA,6,7,1971.0,3.0,1052,0.0
0,1916,686,0,1928,Mn,70.24318658280923,0.0,0,TA,5,8,1979.0,5.0,948,980.0
1410,1972,542,538,2704,Gd,75.0,0.0,111,Ex,8,7,1972.0,4.0,2000,704.0
1302,1957,90,528,1392,No,70.24318658280923,180.0,0,TA,5,6,1957.0,3.0,1392,0.0
351,1940,112,0,1355,No,62.0,0.0,0,TA,5,7,1979.0,4.0,808,547.0
209,1931,506,180,875,No,51.0,0.0,0,TA,5,7,1931.0,2.0,875,0.0
0,1929,832,576,854,No,51.0,0.0,112,TA,7,8,1991.0,2.0,854,0.0
0,1936,1064,240,1639,No,51.0,0.0,0,TA,6,5,1936.0,3.0,1166,0.0
457,1958,193,484,1344,No,70.24318658280923,0.0,28,TA,5,5,1970.0,2.0,1344,0.0
1406,1959,496,567,1902,Av,100.0,0.0,207,Ex,7,8,1959.0,3.0,1902,0.0
288,1961,700,504,1362,No,80.0,491.0,20,TA,6,5,1961.0,2.873045078196872,1362,0.0
0,1979,0,410,1535,Non,64.0,0.0,0,TA,5,5,1979.0,4.0,1535,0.0
1074,1997,322,870,2392,No,82.0,423.0,70,Gd,8,5,1997.0,3.0,1407,985.0
1170,2004,292,738,2224,No,74.0,216.0,0,Ex,9,5,2004.0,4.0,1462,345.57741347905284
0,2006,1286,662,1294,Av,64.0,0.0,55,Gd,7,5,2006.0,2.0,1294,345.57741347905284
0,1957,1104,304,1788,Av,70.24318658280923,0.0,0,TA,4,5,1957.0,5.0,1104,684.0
0,1935,884,240,1573,No,51.0,0.0,0,Gd,4,7,1935.0,3.0,989,584.0
0,2000,924,463,1690,No,70.24318658280923,0.0,48,TA,6,5,2000.0,3.0,948,742.0
516,1966,380,484,1086,Av,85.0,1047.0,0,TA,5,5,1966.0,3.0,1086,0.0
375,1949,457,288,1268,No,60.0,0.0,28,TA,5,7,1949.0,3.0,1036,0.0
547,1942,224,213,1494,No,70.24318658280923,0.0,0,Gd,6,7,1942.0,3.0,753,741.0
0,2006,1410,641,2945,Gd,66.0,1031.0,0,Gd,10,5,2006.0,3.0,1426,1519.0
0,1968,570,487,1920,No,102.0,143.0,98,Gd,7,6,1968.0,4.0,1222,698.0
524,1999,628,671,2270,No,92.0,348.0,57,Gd,8,7,1999.0,4.0,1164,1106.0
841,1965,198,504,1039,Mn,75.0,0.0,0,TA,5,4,1965.0,3.0,1039,0.0
448,1968,448,509,2142,No,100.0,576.0,72,Gd,6,6,1968.0,2.873045078196872,1182,960.0
560,1965,0,288,935,No,70.24318658280923,114.0,0,TA,5,6,1965.0,3.0,935,0.0
0,2003,840,500,1668,No,72.0,101.0,68,Gd,7,5,2003.0,3.0,840,828.0
0,2006,1638,870,1646,Av,67.0,274.0,80,Gd,8,5,2007.0,3.0,1646,0.0
0,1979,0,400,1535,Non,64.0,0.0,0,TA,5,5,1979.0,4.0,1535,0.0
686,2006,501,632,1208,Av,64.0,24.0,61,Gd,7,5,2006.0,2.0,1208,0.0
182,1976,0,308,894,Av,75.0,0.0,0,TA,5,6,1976.0,3.0,894,0.0
375,1941,360,440,1218,No,60.0,0.0,0,TA,6,6,2003.0,3.0,869,349.0
400,1967,100,384,980,Av,75.0,0.0,0,TA,5,5,1967.0,3.0,980,345.57741347905284
349,1971,23,288,1109,Av,70.0,82.0,0,TA,5,7,1971.0,3.0,576,533.0
0,1928,1042,225,1576,No,52.0,0.0,0,TA,5,6,1928.0,3.0,1042,534.0
0,1976,264,336,1304,Mn,70.24318658280923,0.0,24,TA,5,6,1976.0,3.0,616,688.0
375,1970,250,660,864,No,60.0,0.0,0,Gd,4,6,1989.0,3.0,864,0.0
0,1916,952,192,952,No,70.24318658280923,0.0,98,Fa,6,6,1916.0,2.0,952,0.0
569,1963,678,528,1328,No,70.24318658280923,451.0,26,TA,6,5,1963.0,3.0,1328,0.0
0,1910,600,0,968,No,50.0,0.0,0,TA,3,6,1979.0,2.873045078196872,600,345.57741347905284
0,1930,1078,360,1573,No,52.0,0.0,0,TA,5,7,1930.0,3.0,1128,445.0
0,1914,747,180,1784,Mn,96.0,0.0,40,TA,5,5,1914.0,4.0,892,892.0
0,2005,1616,834,1616,Av,73.0,228.0,59,Gd,7,5,2005.0,3.0,1616,0.0
0,1925,680,504,764,No,30.0,0.0,0,TA,5,5,1965.0,2.0,764,0.0
213,1984,995,440,1621,Mn,91.0,0.0,45,Gd,7,7,1984.0,3.0,1621,0.0
1540,2008,162,1052,1702,No,65.0,766.0,72,Ex,9,5,2008.0,1.0,1702,0.0
816,1990,0,0,816,Av,81.0,104.0,32,TA,6,5,1979.0,3.0,816,0.0
1237,1970,420,484,1657,No,70.24318658280923,0.0,0,TA,6,3,1970.0,3.0,1657,0.0
784,1924,0,0,784,No,50.0,0.0,0,Gd,5,6,1979.0,2.0,784,0.0
0,1958,1584,888,1776,No,85.0,95.0,25,TA,5,5,1968.0,4.0,1776,345.57741347905284
699,2003,638,531,1337,Mn,65.0,0.0,39,Gd,7,5,2003.0,3.0,1337,0.0
0,1926,572,288,1111,No,70.24318658280923,0.0,0,TA,7,7,1982.0,2.0,572,539.0
1810,1981,32,894,1842,Gd,68.0,0.0,72,Gd,9,5,1981.0,0.0,1842,0.0
1309,1923,15,528,1576,Gd,144.0,0.0,312,Gd,5,6,1923.0,2.873045078196872,1072,504.0
547,1963,504,459,1382,No,75.0,51.0,82,TA,4,5,1974.0,3.0,1382,0.0
0,1959,0,294,882,Non,70.24318658280923,0.0,0,TA,5,7,1959.0,3.0,882,0.0
548,1977,36,336,1475,No,41.0,0.0,26,TA,5,6,1977.0,4.0,925,550.0
0,2005,684,400,1560,Av,122.0,0.0,38,Gd,6,5,2005.0,3.0,684,876.0
536,1964,169,440,1851,Gd,80.0,340.0,42,Gd,6,8,1964.0,3.0,1020,831.0
133,1955,1307,0,1440,No,92.0,270.0,0,Fa,4,4,1979.0,4.0,1440,0.0
0,1935,270,0,729,No,56.0,0.0,0,TA,3,6,1979.0,2.0,729,0.0
41,1914,823,0,864,No,45.0,0.0,0,TA,3,3,1979.0,2.0,864,345.57741347905284
0,1941,676,200,1131,No,52.0,0.0,0,TA,5,6,1941.0,2.873045078196872,676,455.0
315,1920,420,338,1374,No,90.0,0.0,0,TA,4,6,1967.0,2.0,840,534.0
553,1965,0,360,864,No,60.0,0.0,0,TA,5,5,1965.0,3.0,864,0.0
1234,2007,464,768,1698,No,86.0,340.0,64,Ex,9,5,2007.0,3.0,1698,0.0
0,1898,849,360,2138,No,90.0,0.0,156,TA,5,5,1910.0,2.0,1075,1063.0
538,1930,278,432,816,Av,70.24318658280923,0.0,0,TA,6,8,2002.0,2.0,816,0.0
0,1911,940,0,1964,Av,55.0,0.0,192,TA,5,6,1979.0,4.0,1024,940.0
831,1988,320,521,2060,No,97.0,268.0,228,TA,6,5,1988.0,4.0,1164,896.0
0,1915,806,216,1647,No,66.0,0.0,66,Fa,6,4,1920.0,4.0,841,806.0
0,2006,1125,430,1125,No,74.0,0.0,64,TA,5,5,2007.0,2.0,1125,0.0
250,1968,210,322,1211,No,55.0,0.0,63,TA,5,5,1968.0,3.0,1211,0.0
0,2008,1573,840,1578,No,78.0,194.0,36,Ex,8,5,2008.0,3.0,1578,0.0
0,1916,844,441,2134,No,70.24318658280923,0.0,60,Gd,6,6,1930.0,5.0,1445,689.0
0,1979,1362,435,1586,No,48.0,0.0,0,TA,6,5,1979.0,3.0,1586,0.0
0,1962,1319,462,1537,No,80.0,237.0,36,Gd,6,9,1962.0,3.0,1537,0.0
731,1953,326,246,1057,No,68.0,0.0,52,Gd,5,7,1953.0,3.0,1057,0.0
0,1914,742,0,1484,No,35.0,0.0,291,TA,6,6,1979.0,3.0,742,742.0
0,1957,0,290,845,Non,70.24318658280923,0.0,0,TA,4,3,1957.0,3.0,845,0.0
0,2005,1257,453,1266,No,62.0,0.0,144,Gd,7,5,2005.0,3.0,1266,0.0
616,1956,580,297,1196,No,72.0,74.0,44,TA,6,5,1956.0,2.0,1196,0.0
724,2007,508,632,1232,Av,64.0,82.0,0,Gd,7,5,2007.0,2.0,1232,345.57741347905284
0,2002,1284,647,2169,No,70.24318658280923,149.0,87,Gd,8,5,2002.0,3.0,1284,885.0
156,1976,692,551,2030,No,70.24318658280923,298.0,224,Gd,6,6,1976.0,4.0,1118,912.0
595,1965,317,576,912,No,72.0,300.0,240,Gd,5,8,1992.0,2.0,912,0.0
0,1950,932,306,932,No,57.0,0.0,0,Gd,6,5,1950.0,2.0,932,0.0
415,1954,418,326,833,No,90.0,0.0,0,Gd,5,7,1955.0,2.0,833,0.0
938,1969,0,540,988,Gd,70.24318658280923,0.0,130,TA,6,5,1969.0,1.0,988,0.0
485,1990,1496,701,2196,Mn,90.0,234.0,70,Gd,7,7,1990.0,2.873045078196872,2196,0.0
778,1970,499,526,1277,Gd,85.0,0.0,0,TA,7,5,1970.0,2.0,1277,0.0
828,1984,180,577,2090,Mn,70.24318658280923,0.0,0,Gd,7,5,1984.0,3.0,1190,900.0
795,1977,0,539,2263,No,70.24318658280923,34.0,250,Gd,7,7,1977.0,3.0,1468,795.0
275,1941,429,234,1564,No,75.0,0.0,0,Fa,7,7,1941.0,3.0,860,704.0
967,1959,383,308,1328,Gd,115.0,0.0,104,TA,5,6,1959.0,2.0,1328,345.57741347905284
865,1970,340,550,2117,Mn,70.24318658280923,0.0,42,TA,6,7,1970.0,4.0,2117,0.0
370,1926,779,216,1616,Mn,40.0,0.0,0,Gd,6,7,1926.0,3.0,1149,467.0
756,1951,1380,528,2136,No,89.0,44.0,30,TA,5,3,1951.0,4.0,2136,0.0
0,2007,1869,617,1869,No,68.0,362.0,54,Ex,9,5,2007.0,2.0,1869,0.0
695,2000,297,390,2054,No,70.24318658280923,40.0,48,Gd,6,5,2000.0,3.0,1022,1032.0
384,1955,0,572,1360,No,60.0,0.0,50,TA,5,5,1962.0,2.873045078196872,1360,0.0
0,1925,588,228,1666,No,70.24318658280923,0.0,63,Gd,8,7,1925.0,3.0,833,833.0
0,2003,798,595,1640,No,72.0,0.0,45,Gd,7,5,2003.0,3.0,798,345.57741347905284
732,1954,216,280,948,No,60.0,0.0,36,TA,4,6,1956.0,3.0,948,0.0
75,1969,230,299,1096,Mn,70.24318658280923,0.0,32,TA,5,5,1969.0,3.0,1096,0.0
1138,1994,270,575,1679,No,65.0,258.0,42,Gd,6,5,1994.0,3.0,1679,0.0
239,2004,312,480,1102,No,70.24318658280923,0.0,60,Gd,7,5,2004.0,2.0,551,551.0
716,1975,253,440,969,Av,120.0,0.0,0,TA,5,6,1975.0,3.0,969,0.0
912,1970,1035,576,2207,Gd,70.24318658280923,287.0,0,TA,7,5,1970.0,3.0,2207,0.0
0,1900,662,560,2337,No,85.0,0.0,57,TA,5,5,1945.0,5.0,1422,915.0
0,2007,1482,868,2574,No,69.0,270.0,148,Ex,8,5,2007.0,3.0,1482,1092.0
762,1974,102,440,894,No,100.0,0.0,0,TA,5,5,1974.0,3.0,894,0.0
553,1964,698,461,1251,No,80.0,425.0,116,TA,6,6,1964.0,3.0,1251,0.0
0,1948,810,280,1456,Mn,50.0,0.0,0,TA,5,3,1954.0,4.0,1002,454.0
234,1929,0,484,1316,No,50.0,0.0,0,TA,5,7,1974.0,3.0,926,0.0
0,1940,1032,349,2403,Mn,70.24318658280923,0.0,0,TA,7,7,1940.0,2.873045078196872,1207,1196.0
1646,2009,284,606,1940,Av,83.0,450.0,95,Ex,9,5,2010.0,3.0,1940,0.0
660,1984,572,516,1232,No,70.24318658280923,0.0,0,TA,6,6,1984.0,3.0,1232,0.0
0,1956,0,308,882,Non,70.0,0.0,45,TA,5,5,1956.0,2.0,882,0.0
1200,1987,0,0,1200,Gd,60.0,0.0,0,TA,5,5,1979.0,3.0,1200,0.0
1124,2003,1603,880,1629,No,85.0,296.0,0,Gd,8,5,2003.0,3.0,1629,0.0
1088,1890,0,456,1869,No,98.0,0.0,0,TA,5,6,1963.0,2.873045078196872,1188,561.0
365,1913,75,352,694,No,40.0,0.0,0,Gd,5,6,1990.0,2.873045078196872,694,0.0
664,2007,544,628,1208,No,64.0,108.0,54,Gd,7,5,2007.0,2.0,1208,345.57741347905284
504,1956,546,338,1050,No,80.0,0.0,0,TA,5,6,1956.0,2.0,1050,0.0
866,1998,338,412,1204,No,32.0,320.0,247,TA,6,5,1998.0,2.0,1204,0.0
0,1910,658,0,1184,No,58.0,0.0,151,TA,5,3,1979.0,5.0,658,526.0
1196,2000,298,499,1652,Av,41.0,0.0,48,Ex,8,5,2000.0,2.0,1652,0.0
437,1995,0,481,1494,Av,30.0,0.0,30,Ex,8,5,1995.0,2.873045078196872,1494,0.0
344,1941,328,234,672,No,50.0,0.0,113,TA,4,6,1941.0,2.0,672,0.0
0,1885,777,560,2290,No,60.0,0.0,0,TA,4,6,1971.0,4.0,1246,1044.0
607,1950,506,264,1113,No,80.0,0.0,80,Gd,5,7,1950.0,3.0,1113,0.0
712,1976,84,566,1574,Mn,70.24318658280923,120.0,111,TA,6,5,1976.0,3.0,790,784.0
422,1976,480,672,1117,Av,94.0,0.0,0,TA,6,5,1976.0,3.0,1117,0.0
0,1955,0,452,1733,Non,70.24318658280923,0.0,0,TA,3,5,1955.0,4.0,1733,0.0
559,1977,510,440,1069,No,53.0,0.0,55,TA,6,6,1977.0,2.0,1069,0.0
457,2002,326,393,1509,No,70.24318658280923,0.0,75,Gd,6,5,2002.0,3.0,807,702.0
500,1969,176,576,2112,Mn,85.0,0.0,0,TA,6,5,1969.0,4.0,1092,1020.0
1053,1990,256,484,1339,No,50.0,54.0,58,TA,7,5,1990.0,2.873045078196872,1339,0.0
48,1991,422,833,2127,Mn,103.0,0.0,192,Gd,7,5,1991.0,4.0,912,1215.0
0,2006,1905,788,1905,No,84.0,302.0,191,Ex,9,5,2006.0,3.0,1905,0.0
0,1915,672,936,1214,No,60.0,0.0,0,TA,3,4,1998.0,3.0,694,345.57741347905284
0,2006,2121,732,2121,Gd,107.0,315.0,98,Ex,9,5,2007.0,3.0,2121,0.0
1904,2008,312,1166,2234,No,63.0,748.0,60,Ex,9,5,2009.0,1.0,2234,0.0
24,2005,1286,400,1310,Av,65.0,0.0,0,Gd,7,5,2005.0,3.0,1310,0.0
2188,2009,142,820,2364,Gd,100.0,760.0,67,Ex,9,5,2009.0,2.873045078196872,2364,0.0
1247,1959,254,484,1801,No,100.0,0.0,54,TA,7,8,1959.0,1.0,1801,0.0
0,1967,1632,576,1632,Av,100.0,0.0,0,TA,5,4,1967.0,4.0,1632,0.0
619,1970,149,624,768,Av,54.0,0.0,0,TA,5,7,1987.0,2.0,768,0.0
540,1962,324,264,1812,No,69.0,288.0,168,TA,5,5,1962.0,4.0,876,936.0
1040,1957,352,458,1392,No,80.0,387.0,0,TA,6,5,1957.0,3.0,1392,0.0
0,2004,860,565,1720,No,89.0,0.0,70,Gd,7,5,2004.0,3.0,860,345.57741347905284
219,1995,554,431,1658,No,70.24318658280923,0.0,84,TA,6,5,1995.0,3.0,773,885.0
57,2005,1335,576,2462,Mn,134.0,456.0,132,Gd,7,5,2006.0,4.0,1392,1070.0
0,2006,616,432,1412,No,73.0,0.0,36,Gd,6,5,2007.0,3.0,616,796.0
528,1959,1098,588,1712,No,70.0,122.0,54,TA,5,5,2005.0,4.0,1712,0.0
584,1995,544,466,2020,No,80.0,0.0,155,Gd,8,5,1995.0,3.0,1142,878.0
129,1976,175,336,1112,No,36.0,0.0,0,TA,5,3,1976.0,3.0,536,576.0
310,1993,370,420,1470,No,70.24318658280923,68.0,63,TA,6,8,1993.0,3.0,680,790.0
765,1970,0,440,1365,No,24.0,312.0,36,TA,5,6,1970.0,3.0,765,600.0
353,2002,55,527,1419,No,70.24318658280923,0.0,0,Gd,8,5,2002.0,3.0,779,640.0
0,1953,105,414,910,Av,74.0,0.0,0,Gd,5,7,1953.0,3.0,910,0.0
0,2006,1088,1025,1959,Av,75.0,0.0,46,Gd,8,5,2006.0,3.0,1088,871.0
0,1950,0,400,1040,Non,60.0,0.0,0,TA,3,4,1949.0,2.0,1040,0.0
673,1968,378,336,1159,No,70.24318658280923,188.0,0,TA,5,5,1968.0,3.0,1159,0.0
0,1999,975,429,2291,No,66.0,302.0,0,Gd,7,5,1999.0,4.0,1005,1286.0
1079,1995,141,556,2090,No,80.0,438.0,65,Gd,8,5,1995.0,3.0,1220,870.0
836,1951,0,396,1220,No,67.0,0.0,0,TA,4,5,1951.0,2.0,1220,0.0
0,1977,660,528,1285,No,71.0,148.0,0,TA,6,5,1977.0,3.0,1285,0.0
1084,1973,92,439,1178,No,80.0,0.0,0,Gd,5,6,1973.0,3.0,1178,0.0
24,2004,1232,430,1269,No,43.0,16.0,20,Gd,8,5,2004.0,2.0,1269,0.0
0,2005,783,393,1484,No,65.0,0.0,72,Gd,6,5,2005.0,3.0,783,701.0
1085,1990,390,514,2329,No,86.0,99.0,121,Gd,7,5,1990.0,4.0,1532,797.0
0,1971,525,264,1092,No,21.0,381.0,0,TA,6,5,1971.0,3.0,525,345.57741347905284
450,1999,241,506,1452,No,35.0,218.0,34,Gd,7,5,1999.0,3.0,713,739.0
0,1949,672,576,924,Mn,60.0,0.0,0,TA,5,7,2003.0,2.873045078196872,672,252.0
0,1999,994,442,1804,No,60.0,0.0,60,Gd,7,5,1999.0,3.0,1028,776.0
830,1965,136,276,1256,No,75.0,0.0,68,TA,5,6,1965.0,3.0,1256,0.0
0,1971,858,480,872,No,70.0,0.0,0,TA,4,5,1974.0,3.0,872,0.0
806,1959,247,312,1053,No,72.0,54.0,0,Gd,5,7,1959.0,3.0,1053,0.0
0,1950,0,625,1040,Non,60.0,0.0,0,TA,5,7,1950.0,2.0,1040,0.0
20,2001,1434,527,1434,No,65.0,0.0,39,Gd,7,5,2001.0,3.0,1434,0.0
1163,1999,89,856,2365,Mn,82.0,673.0,128,Gd,8,5,1999.0,2.873045078196872,1268,1097.0
0,1939,972,312,1577,No,65.0,0.0,0,Fa,6,5,1939.0,3.0,972,605.0
0,1920,715,368,1738,No,70.24318658280923,0.0,0,TA,4,4,1920.0,4.0,1281,457.0
904,2007,410,626,1314,No,34.0,166.0,62,Gd,7,5,2008.0,2.0,1314,0.0
281,1998,747,683,2452,No,66.0,0.0,50,Gd,8,5,1998.0,4.0,1210,1242.0
767,1988,461,472,1228,Mn,40.0,0.0,120,Gd,8,5,1988.0,2.0,1228,0.0
2096,1996,300,813,4476,Av,160.0,0.0,78,Ex,10,5,1996.0,4.0,2411,2065.0
489,1925,279,450,1015,No,51.0,0.0,0,TA,5,7,1925.0,3.0,1015,0.0
0,1930,813,270,813,No,70.0,0.0,113,Gd,6,8,1932.0,2.0,813,0.0
275,1941,877,252,2340,No,66.0,0.0,60,Gd,7,9,1941.0,4.0,1188,1152.0
196,1964,975,472,1516,No,100.0,180.0,0,TA,6,6,1964.0,3.0,1516,0.0
507,1939,286,410,1118,Mn,65.0,0.0,0,TA,5,7,1939.0,3.0,793,325.0
459,2005,88,525,1072,Gd,35.0,80.0,28,TA,6,5,2005.0,2.0,1072,0.0
369,1959,671,286,1040,No,70.0,0.0,0,TA,5,5,1959.0,2.873045078196872,1040,0.0
379,1955,470,303,1867,No,70.24318658280923,0.0,0,TA,5,5,1955.0,2.0,1867,0.0
0,1967,710,564,2978,No,96.0,300.0,0,Gd,7,7,1961.0,5.0,1898,1080.0
0,2008,1468,898,1468,No,74.0,72.0,150,Gd,8,5,2008.0,3.0,1468,0.0
377,1956,551,252,928,No,70.0,0.0,0,TA,5,7,1956.0,2.0,928,0.0
0,2001,1541,843,1541,No,118.0,150.0,81,Gd,7,5,2001.0,3.0,1541,0.0
352,1920,441,216,1802,No,54.0,0.0,0,TA,7,6,1920.0,4.0,901,901.0
814,2003,300,576,1114,No,66.0,0.0,78,Gd,6,5,2004.0,2.873045078196872,1114,0.0
0,1968,1768,0,1768,No,72.0,0.0,0,TA,4,5,1979.0,4.0,1768,0.0
0,2006,939,639,1797,Av,79.0,0.0,53,Gd,7,5,2006.0,3.0,939,858.0
250,1920,710,308,960,No,50.0,0.0,0,Fa,4,4,1997.0,2.0,960,0.0
643,1953,365,240,1008,No,66.0,0.0,18,Gd,5,7,1953.0,2.0,1008,0.0
330,1973,153,264,987,No,21.0,158.0,0,TA,6,5,1973.0,2.0,483,504.0
0,2004,976,380,1708,No,32.0,117.0,40,Gd,7,5,2004.0,3.0,976,732.0
288,1957,619,352,907,No,77.0,0.0,0,TA,4,6,1964.0,3.0,907,0.0
790,1978,133,564,2784,No,80.0,184.0,112,Gd,7,5,1978.0,5.0,1392,1392.0
1410,2005,438,706,2728,No,56.0,870.0,0,Ex,9,5,2006.0,4.0,1848,880.0
480,1954,108,260,1056,No,80.0,0.0,0,TA,5,7,1954.0,3.0,1056,0.0
416,1971,409,495,1993,No,70.24318658280923,252.0,66,TA,6,5,1971.0,4.0,1097,896.0
182,1932,611,281,1520,No,55.0,0.0,0,TA,5,5,1968.0,3.0,848,672.0
646,1978,218,336,864,No,70.24318658280923,90.0,0,TA,5,8,1978.0,3.0,864,0.0
0,1910,925,308,1889,No,60.0,0.0,0,TA,7,4,1960.0,4.0,964,925.0
546,2005,512,736,1904,Av,74.0,280.0,60,Ex,8,5,2003.0,3.0,1058,846.0
821,1920,299,720,1130,No,60.0,0.0,0,TA,5,6,1970.0,2.0,1130,345.57741347905284
0,1969,1164,528,1164,No,80.0,168.0,0,TA,7,5,1969.0,3.0,1164,0.0
1330,2008,122,858,2713,Av,67.0,268.0,66,Ex,9,5,2008.0,3.0,1476,1237.0
600,1961,635,480,1235,No,85.0,203.0,0,TA,5,3,1961.0,2.0,1235,0.0
738,1990,172,719,1442,Mn,114.0,0.0,244,Gd,7,5,1990.0,3.0,1442,0.0
354,1954,412,280,1063,No,80.0,110.0,0,TA,5,5,1954.0,3.0,1063,0.0
1636,2007,442,1220,2084,Av,114.0,816.0,45,Ex,10,5,2007.0,2.0,2084,345.57741347905284
25,1963,247,336,1144,No,71.0,0.0,88,TA,5,5,1962.0,3.0,1144,0.0
0,2003,1560,573,1560,No,129.0,0.0,150,Gd,7,5,2003.0,3.0,1560,0.0
922,2002,572,530,1494,Mn,88.0,99.0,36,Gd,7,5,2002.0,2.873045078196872,1494,0.0
0,2007,894,668,1933,Mn,86.0,74.0,18,Gd,6,5,2007.0,4.0,894,1039.0
0,2008,2042,1390,2042,No,98.0,306.0,90,Ex,8,5,2009.0,3.0,2042,0.0
704,1978,567,478,1601,No,82.0,206.0,0,TA,7,5,1978.0,3.0,1601,345.57741347905284
0,2003,1121,440,1121,No,80.0,0.0,64,TA,4,5,2003.0,2.0,1121,0.0
0,1949,0,520,1126,Non,67.0,0.0,96,Gd,4,5,2002.0,2.0,1126,0.0
248,1956,448,308,936,No,74.0,0.0,0,TA,5,7,1956.0,2.0,936,0.0
641,1965,187,300,965,No,60.0,0.0,0,TA,5,5,1979.0,3.0,965,0.0
633,1999,240,588,1790,No,68.0,158.0,88,Gd,7,5,1999.0,3.0,882,908.0
0,2007,689,540,1392,No,34.0,0.0,102,Gd,7,5,2007.0,2.0,703,689.0
674,1964,0,442,1611,Gd,80.0,360.0,128,TA,6,6,1964.0,4.0,798,813.0
662,1958,599,433,1261,No,76.0,0.0,0,TA,6,6,1958.0,3.0,1261,0.0
0,2005,750,564,1500,No,68.0,0.0,35,Gd,6,5,2005.0,3.0,750,750.0
1088,2004,625,856,1713,Av,76.0,262.0,26,Ex,8,5,2004.0,3.0,1713,0.0
0,2003,912,615,2094,No,75.0,0.0,182,Gd,7,5,2003.0,4.0,912,1182.0
1518,1989,0,569,1644,Gd,70.24318658280923,145.0,0,Gd,7,5,1989.0,2.0,1644,0.0
420,1950,490,282,1558,No,75.0,0.0,0,TA,5,5,1950.0,4.0,910,648.0
311,1978,544,440,1441,No,24.0,0.0,0,TA,6,6,1978.0,3.0,855,586.0
0,2003,660,400,1320,No,70.24318658280923,0.0,48,Gd,7,5,2003.0,3.0,660,660.0
0,1920,596,189,1192,Mn,60.0,0.0,0,TA,5,5,1920.0,3.0,596,596.0
593,1972,130,497,1395,No,70.24318658280923,0.0,116,TA,6,6,1972.0,3.0,735,660.0
312,1966,276,490,1165,Gd,82.0,183.0,129,TA,6,7,1966.0,3.0,1165,0.0
259,1872,425,0,2358,No,50.0,0.0,54,TA,8,5,1979.0,4.0,938,1215.0
0,1934,816,528,1176,No,52.0,0.0,0,TA,6,6,1985.0,3.0,816,0.0
1121,2009,645,478,1766,Mn,85.0,162.0,130,Ex,9,5,2009.0,2.873045078196872,1766,0.0
837,1973,105,576,2521,No,42.0,0.0,20,TA,6,4,1973.0,5.0,1291,1230.0
0,2004,1580,610,2466,No,102.0,0.0,214,Gd,8,5,2004.0,4.0,1580,886.0
220,1948,708,400,1920,No,95.0,567.0,0,TA,5,5,1948.0,4.0,928,992.0
408,1941,156,660,1604,No,60.0,0.0,68,TA,5,5,1977.0,3.0,984,620.0
425,2004,291,432,1432,No,71.0,0.0,51,Gd,7,5,2004.0,2.873045078196872,716,716.0
251,1967,491,457,1342,No,70.24318658280923,0.0,0,TA,6,5,1967.0,3.0,1342,0.0
364,1941,554,240,1646,No,53.0,0.0,0,TA,7,5,1941.0,4.0,918,728.0
674,1955,350,364,1520,Av,80.0,164.0,0,TA,6,6,1955.0,3.0,1520,0.0
0,1980,626,288,1217,No,75.0,0.0,28,TA,6,6,1980.0,3.0,626,591.0
360,1972,504,288,864,Mn,120.0,0.0,0,TA,5,7,1972.0,3.0,864,0.0
686,1977,664,630,1334,No,80.0,360.0,16,TA,6,5,1977.0,2.0,1334,0.0
1056,1955,0,572,1056,Mn,100.0,0.0,0,TA,5,5,1955.0,3.0,1056,0.0
36,2009,1176,460,1212,Mn,83.0,0.0,22,Gd,6,5,2009.0,3.0,1212,0.0
586,1956,462,286,1048,No,72.0,120.0,20,TA,5,5,1956.0,3.0,1048,0.0
282,1971,664,576,981,No,70.24318658280923,0.0,312,TA,6,5,1979.0,3.0,981,0.0
257,1974,103,440,1322,No,24.0,0.0,0,TA,6,5,1974.0,3.0,855,345.57741347905284
0,1952,0,528,944,Non,74.0,0.0,0,Fa,3,3,1956.0,2.0,944,0.0
111,1958,354,525,1344,No,70.24318658280923,541.0,118,Gd,6,6,1958.0,3.0,1344,0.0
0,2003,764,474,1626,No,36.0,106.0,27,Gd,7,5,2003.0,2.0,764,862.0
0,2001,1055,905,2263,No,70.24318658280923,396.0,45,Gd,8,5,2001.0,3.0,1055,1208.0
176,1959,1290,528,1466,No,134.0,132.0,140,Fa,5,4,1959.0,3.0,1466,0.0
828,1970,174,902,1002,No,70.24318658280923,76.0,0,TA,5,6,1973.0,3.0,1002,0.0
49,1950,0,240,1078,Mn,68.0,0.0,0,Gd,5,6,1950.0,2.0,1078,0.0
767,1977,441,546,1208,No,70.24318658280923,0.0,42,TA,6,6,1977.0,3.0,1208,345.57741347905284
16,2005,1330,457,1504,No,43.0,16.0,0,Gd,7,5,2005.0,1.0,1504,0.0
0,1967,0,516,1296,Non,72.0,0.0,0,TA,4,5,1967.0,2.0,1296,0.0
429,1960,93,564,1252,Gd,70.24318658280923,0.0,0,TA,6,7,1960.0,1.0,1252,0.0
544,1931,0,0,774,No,70.0,0.0,0,Gd,3,6,1979.0,3.0,774,0.0
733,1960,520,352,1253,No,70.24318658280923,212.0,213,TA,6,5,1960.0,2.873045078196872,1253,0.0
306,1955,372,454,1779,Mn,102.0,0.0,418,TA,5,4,1955.0,3.0,1779,0.0
320,1954,404,490,1086,No,85.0,104.0,0,TA,5,7,1989.0,3.0,1086,0.0
902,1990,254,400,1717,Mn,44.0,117.0,36,Gd,7,5,1990.0,3.0,1187,530.0
547,2005,0,525,1072,Gd,35.0,80.0,28,TA,5,5,2005.0,2.0,1072,0.0
1000,1994,223,525,2127,No,81.0,448.0,132,Gd,7,5,1994.0,3.0,1223,904.0
925,2005,349,508,1274,No,68.0,80.0,98,Gd,7,5,2005.0,3.0,1274,0.0
196,1949,844,315,1846,Mn,78.0,320.0,0,TA,6,6,1949.0,3.0,1168,678.0
273,1970,0,286,1092,No,21.0,0.0,0,TA,4,4,1970.0,3.0,546,345.57741347905284
0,2006,625,625,1250,No,35.0,0.0,54,Gd,7,5,2006.0,2.0,625,625.0
0,2005,732,372,1838,Av,60.0,0.0,40,TA,5,5,2005.0,4.0,734,1104.0
1046,1910,168,506,2291,Mn,60.0,0.0,0,TA,6,6,1900.0,4.0,1260,1031.0
228,1956,724,283,952,No,70.24318658280923,0.0,0,TA,4,7,1956.0,2.0,952,0.0
746,1994,244,480,990,No,60.0,0.0,64,TA,5,5,2000.0,3.0,990,0.0
1024,1953,481,505,1505,No,128.0,90.0,0,TA,6,4,1953.0,2.0,1505,0.0
524,1971,160,576,864,No,70.0,0.0,0,TA,4,6,1989.0,2.0,864,0.0
360,1957,710,447,1236,No,72.0,64.0,0,Gd,5,6,1957.0,2.0,1236,0.0
777,1957,467,336,1244,No,90.0,0.0,40,TA,6,6,1957.0,3.0,1244,0.0
777,1972,117,600,894,Av,60.0,0.0,0,TA,5,5,1985.0,2.0,894,0.0
631,1976,410,352,1125,Av,72.0,255.0,0,TA,6,6,1977.0,2.873045078196872,1125,0.0
1261,2004,572,772,1850,Gd,98.0,378.0,112,Gd,9,5,2004.0,3.0,1850,0.0
503,1932,449,360,2345,No,80.0,0.0,0,TA,6,8,1932.0,4.0,1170,1175.0
0,2005,1368,474,1368,No,40.0,94.0,35,Gd,7,5,2005.0,2.0,1368,0.0
1065,1968,1045,522,2110,No,93.0,0.0,0,Ex,7,5,1968.0,3.0,2110,0.0
0,1986,791,542,2093,No,46.0,123.0,63,TA,7,6,1986.0,3.0,1236,857.0
649,1997,326,576,1950,No,66.0,1600.0,10,Gd,7,5,1997.0,3.0,975,975.0
658,1984,218,264,923,No,37.0,0.0,0,TA,5,5,1984.0,3.0,923,0.0
352,1946,416,240,1200,No,70.0,0.0,0,TA,5,6,1946.0,3.0,768,432.0
0,1938,190,273,886,No,50.0,0.0,20,TA,5,8,1938.0,2.0,886,0.0
0,1919,804,336,2447,No,50.0,0.0,0,Gd,6,7,1969.0,4.0,1699,748.0
958,1976,0,440,958,No,70.24318658280923,0.0,60,TA,6,6,1976.0,2.0,958,0.0
300,2000,652,554,2256,No,70.24318658280923,0.0,54,Gd,7,5,2000.0,4.0,980,1276.0
0,1981,1686,511,1707,No,70.24318658280923,653.0,64,TA,8,6,1981.0,2.0,1707,0.0
220,1949,625,576,893,No,60.0,0.0,0,Gd,5,7,1985.0,2.0,893,0.0
789,2007,245,836,2078,No,85.0,100.0,102,Ex,8,5,2008.0,3.0,1050,1028.0
0,1995,1099,352,1099,No,75.0,0.0,0,Gd,5,6,1999.0,3.0,1099,0.0
978,1976,284,460,1262,Gd,80.0,0.0,0,TA,6,8,1976.0,3.0,1262,0.0
984,2007,280,792,2696,Av,77.0,220.0,184,Ex,7,5,2007.0,4.0,1282,1414.0
0,1920,961,338,1077,No,60.0,0.0,0,TA,5,2,1920.0,2.0,1077,0.0
0,1910,796,0,796,No,67.0,0.0,0,TA,5,7,1979.0,2.0,796,0.0
1231,1992,1969,546,3228,No,70.24318658280923,0.0,75,Gd,8,5,1992.0,2.873045078196872,3228,0.0
490,2004,280,520,1582,No,64.0,0.0,45,Gd,7,5,2004.0,3.0,770,812.0
0,2002,1128,779,2290,Mn,70.24318658280923,0.0,0,Gd,8,5,2002.0,4.0,1149,1141.0
218,1924,808,308,1691,No,50.0,0.0,0,Gd,5,6,1924.0,3.0,1026,665.0
125,1974,36,518,2167,Gd,70.24318658280923,0.0,47,Gd,7,7,1974.0,2.873045078196872,1516,651.0
0,1926,884,180,904,No,50.0,0.0,0,TA,6,7,1926.0,2.0,904,0.0
24,2005,1528,782,1552,Av,84.0,196.0,20,Gd,7,5,2005.0,3.0,1552,0.0
0,1938,803,297,1360,No,60.0,0.0,65,Gd,5,6,1951.0,2.0,803,557.0
180,1950,676,240,1904,No,60.0,0.0,0,TA,5,4,1950.0,3.0,1136,768.0
298,1968,429,441,1556,No,78.0,0.0,0,TA,6,6,1968.0,4.0,829,727.0
0,2000,969,648,2285,No,70.24318658280923,72.0,56,Gd,8,5,2000.0,4.0,997,1288.0
210,1952,219,308,1148,Mn,57.0,0.0,0,TA,5,7,1952.0,2.0,1148,0.0
0,2007,1373,660,1555,No,53.0,130.0,20,Gd,7,5,2007.0,2.0,1555,0.0
498,1977,652,600,2620,No,70.24318658280923,1.0,24,TA,5,5,1977.0,4.0,1361,1259.0
0,2007,1694,818,1694,No,93.0,254.0,228,Gd,8,5,2007.0,3.0,1694,0.0
0,1946,0,308,930,Non,60.0,0.0,0,Gd,4,7,1946.0,2.0,930,0.0
902,1955,196,260,1098,No,70.24318658280923,151.0,0,TA,5,7,1955.0,3.0,1098,0.0
404,1968,304,776,1416,No,90.0,420.0,169,TA,6,6,1968.0,3.0,708,708.0
0,2004,1710,550,1710,Mn,43.0,108.0,48,Gd,7,5,2004.0,3.0,1710,0.0
387,1971,96,264,987,No,21.0,232.0,0,TA,6,5,1971.0,2.0,483,504.0
222,2004,769,678,1947,No,100.0,0.0,136,Gd,7,5,2004.0,3.0,991,956.0
1104,1981,1420,542,2524,No,80.0,0.0,120,Gd,8,5,1981.0,4.0,2524,0.0
0,1915,698,384,1396,No,60.0,0.0,0,TA,6,7,2003.0,3.0,698,698.0
1173,1993,138,983,2418,Gd,96.0,651.0,154,Gd,7,5,1993.0,3.0,1325,1093.0
0,2008,768,676,1590,No,75.0,0.0,30,Gd,8,5,2008.0,3.0,786,345.57741347905284
698,1965,420,461,1214,No,70.0,0.0,0,TA,5,7,1965.0,2.0,1214,0.0
0,1922,864,0,864,No,56.0,0.0,96,TA,5,8,1979.0,2.0,864,0.0
315,1979,114,550,1725,No,80.0,96.0,88,TA,7,6,1979.0,3.0,1040,685.0
247,1910,310,280,1022,No,60.0,0.0,30,TA,5,4,1956.0,2.0,1022,0.0
0,1937,698,624,1176,No,50.0,0.0,0,TA,6,9,1999.0,2.0,786,390.0
288,1959,718,0,1006,No,70.24318658280923,0.0,24,TA,5,3,1979.0,3.0,1006,0.0
1036,1984,184,565,1360,Av,70.24318658280923,0.0,0,Gd,8,5,1984.0,1.0,1360,0.0
732,1996,308,576,1040,No,82.0,0.0,0,Gd,5,5,2000.0,3.0,1040,0.0
1324,1968,113,452,1473,Gd,65.0,0.0,48,Ex,5,8,1968.0,1.0,1473,0.0
1573,2006,0,538,1625,Gd,44.0,481.0,0,Gd,8,5,2006.0,2.0,1625,0.0
0,1975,924,280,924,No,88.0,0.0,0,TA,5,6,1981.0,3.0,924,0.0
204,1939,356,280,1258,Mn,60.0,0.0,0,TA,6,5,1939.0,2.0,698,560.0
642,1994,273,493,1908,No,70.0,0.0,133,Gd,7,5,1994.0,4.0,933,975.0
0,1940,672,240,672,No,60.0,0.0,0,TA,5,8,1940.0,2.0,672,0.0
594,1960,331,572,1429,No,70.24318658280923,85.0,110,Gd,6,6,1960.0,3.0,1429,0.0
929,1988,916,604,1872,Av,80.0,102.0,39,TA,7,5,1988.0,3.0,1872,345.57741347905284
0,2004,970,380,1709,No,24.0,50.0,40,Gd,6,5,2004.0,3.0,970,739.0
1443,1998,39,514,1494,Gd,70.24318658280923,0.0,25,Gd,7,5,1998.0,3.0,1494,345.57741347905284
505,1998,299,523,1682,No,70.0,116.0,77,Gd,6,5,1998.0,3.0,804,878.0
0,1977,0,539,1734,Non,75.0,0.0,0,Gd,5,5,1977.0,4.0,1302,432.0
740,1966,184,480,1154,Mn,70.24318658280923,200.0,58,TA,5,6,1966.0,3.0,1154,0.0
605,1978,427,564,1032,Av,70.24318658280923,233.0,0,TA,6,6,1978.0,3.0,1032,0.0
1288,2007,417,826,1718,Gd,79.0,336.0,44,Gd,8,5,2007.0,3.0,1718,0.0
0,2002,1010,390,2267,No,70.24318658280923,0.0,46,Gd,6,5,2002.0,4.0,1010,1257.0
680,1948,292,240,972,No,50.0,0.0,0,TA,6,6,1948.0,2.0,972,0.0
1039,2004,797,862,1836,Mn,107.0,42.0,185,Gd,8,5,2004.0,3.0,1836,0.0
492,1954,372,248,948,No,75.0,132.0,0,TA,4,5,1954.0,3.0,948,0.0
551,1925,121,300,1369,No,54.0,0.0,0,TA,6,6,1930.0,3.0,697,672.0
57,1958,554,451,1920,No,70.24318658280923,0.0,0,Gd,5,5,1958.0,4.0,1252,668.0
0,1880,1008,205,2210,Mn,90.0,0.0,48,Fa,6,4,1930.0,5.0,1178,1032.0
0,1998,1195,486,1839,No,58.0,30.0,81,TA,7,5,1998.0,4.0,1195,644.0
645,1920,270,495,1167,No,98.0,0.0,0,TA,5,5,1972.0,3.0,1167,0.0
663,1974,0,484,1309,No,78.0,99.0,0,Gd,6,6,1974.0,3.0,1309,0.0
0,2004,1117,691,2452,Av,108.0,132.0,32,Gd,8,5,2004.0,4.0,1132,1320.0
300,1923,765,440,1635,No,70.0,0.0,38,TA,6,7,1950.0,3.0,915,720.0
138,1972,276,461,882,No,70.0,0.0,0,TA,5,5,1980.0,2.873045078196872,882,0.0
1056,1980,0,576,1056,No,64.0,0.0,56,TA,6,5,1980.0,0.0,1056,0.0
300,1958,468,288,1352,Av,92.0,120.0,0,Gd,5,4,1958.0,3.0,1352,0.0
0,1985,741,476,1732,No,77.0,336.0,46,Gd,6,5,1985.0,3.0,977,755.0
0,1968,1392,576,1392,No,120.0,216.0,0,TA,6,3,1968.0,2.0,1392,0.0
226,1978,192,440,1683,No,70.0,92.0,0,TA,6,5,1978.0,3.0,918,765.0
419,1960,375,312,1100,No,70.24318658280923,0.0,0,TA,4,5,1960.0,3.0,1100,0.0
998,2005,177,736,2324,No,85.0,286.0,21,Ex,9,5,2005.0,4.0,1182,1142.0
0,1916,624,513,1344,No,34.0,0.0,0,TA,5,5,1916.0,4.0,624,720.0
790,1978,589,500,2073,No,85.0,119.0,0,TA,6,6,1978.0,2.873045078196872,2073,0.0
539,1976,473,888,1034,Av,70.24318658280923,335.0,0,TA,6,5,1976.0,3.0,1034,0.0
0,1956,882,0,882,No,55.0,0.0,0,TA,4,6,1979.0,1.0,882,0.0
432,1967,460,288,892,No,65.0,60.0,0,TA,5,5,1967.0,3.0,892,0.0
0,1920,596,576,1762,No,60.0,0.0,0,Gd,7,7,1989.0,4.0,998,764.0
0,1962,0,462,1224,Non,70.0,0.0,0,TA,4,5,1962.0,2.0,1224,0.0
956,1998,130,592,1924,Av,78.0,530.0,75,Gd,8,5,1998.0,3.0,1086,838.0
0,2006,1140,0,1140,No,90.0,0.0,56,TA,5,5,1979.0,3.0,1140,0.0
560,1999,871,666,1431,Av,68.0,0.0,35,Gd,7,5,1999.0,3.0,1431,0.0
594,1961,270,264,1144,No,80.0,0.0,0,TA,5,6,1961.0,3.0,1144,0.0
1065,1988,92,454,2062,Gd,70.24318658280923,128.0,55,TA,7,5,1988.0,3.0,1180,345.57741347905284
975,1998,133,583,2097,Av,75.0,0.0,170,Gd,7,6,1998.0,2.873045078196872,1108,989.0
0,1920,939,180,1513,Mn,51.0,0.0,0,TA,5,8,1933.0,4.0,939,574.0
444,1954,550,325,1855,No,75.0,0.0,0,TA,6,4,1954.0,4.0,1216,639.0
520,1965,440,432,960,No,73.0,48.0,0,TA,4,5,1965.0,3.0,960,0.0
1084,1900,188,0,2200,No,67.0,0.0,70,TA,5,7,1979.0,4.0,1272,928.0
695,1994,253,463,2110,No,70.24318658280923,0.0,130,Gd,7,5,1994.0,3.0,1222,888.0
0,2002,1777,534,1795,No,75.0,281.0,159,Gd,8,5,2002.0,3.0,1795,0.0
866,2003,132,871,2046,No,85.0,292.0,62,Gd,7,5,2003.0,3.0,1006,1040.0
573,2003,191,474,1626,No,36.0,106.0,27,Gd,7,5,2003.0,2.0,764,862.0
0,2006,384,400,1394,No,73.0,0.0,0,Gd,5,5,2007.0,3.0,754,640.0
1338,2008,384,842,2296,Gd,97.0,420.0,274,Ex,10,5,2008.0,3.0,1728,568.0
0,1915,1013,0,1526,No,105.0,0.0,0,Fa,3,2,1979.0,2.0,1013,0.0
0,2006,1240,826,1240,Av,74.0,0.0,93,Gd,7,5,2006.0,2.0,1240,0.0
816,1982,0,816,816,No,60.0,0.0,0,TA,5,8,1985.0,2.0,816,0.0
0,1930,0,0,1092,Non,70.0,0.0,0,Fa,4,5,1979.0,3.0,372,720.0
0,1931,776,270,1502,No,60.0,0.0,0,TA,7,6,1931.0,3.0,851,651.0
0,2005,1122,656,2504,No,77.0,245.0,39,Ex,9,5,2005.0,4.0,1134,1370.0
0,1972,483,288,987,No,21.0,297.0,0,TA,6,5,1972.0,2.0,483,504.0
616,1971,248,528,864,No,60.0,0.0,0,TA,4,6,1974.0,3.0,864,0.0
0,2007,1302,436,1302,Av,73.0,0.0,22,Gd,7,5,2007.0,3.0,1302,0.0
426,1993,406,506,1710,No,76.0,120.0,70,Gd,6,5,1993.0,3.0,832,878.0
920,1972,38,588,1181,Av,90.0,0.0,0,TA,4,5,1974.0,3.0,1181,0.0
595,1977,390,328,985,Av,65.0,220.0,0,TA,5,8,1977.0,3.0,985,0.0
998,1971,486,487,1484,Av,70.0,0.0,0,TA,5,6,1971.0,3.0,1484,0.0
0,1948,720,312,1271,No,115.0,0.0,0,TA,5,5,1948.0,2.873045078196872,720,551.0
358,1971,125,264,987,No,21.0,604.0,0,TA,6,3,1971.0,2.0,483,345.57741347905284
1258,1985,40,403,1298,No,70.24318658280923,85.0,26,Gd,6,5,1985.0,3.0,1298,345.57741347905284
643,2001,167,528,1665,No,70.0,0.0,45,Gd,8,6,2001.0,3.0,810,855.0
1162,1999,426,472,1588,Av,78.0,183.0,29,Gd,7,5,1999.0,2.873045078196872,1588,345.57741347905284
297,1932,556,440,2727,No,70.0,0.0,74,Gd,8,8,1932.0,3.0,1549,1178.0
906,1965,134,384,1040,No,70.0,0.0,0,TA,5,5,1965.0,3.0,1040,0.0
428,1940,300,256,1308,No,130.0,0.0,70,TA,5,7,1940.0,2.0,976,332.0
1332,1963,396,504,1728,No,70.0,336.0,0,TA,5,5,1963.0,6.0,1728,0.0
626,1936,170,566,1466,No,60.0,0.0,21,Gd,5,8,1950.0,3.0,1096,370.0
604,1996,125,406,1446,Gd,57.0,0.0,22,TA,7,5,1996.0,3.0,729,717.0
403,1976,400,483,1964,No,80.0,660.0,69,TA,7,6,1976.0,4.0,1098,866.0
0,2006,1095,1053,1939,Mn,84.0,0.0,51,Gd,8,5,2006.0,3.0,1095,844.0
733,2009,625,484,1358,Mn,44.0,128.0,35,Gd,7,5,2010.0,2.873045078196872,1358,345.57741347905284
0,1948,912,330,1458,No,78.0,0.0,0,TA,6,5,1948.0,3.0,912,546.0
747,1992,189,564,996,Av,73.0,0.0,0,Gd,6,6,1992.0,2.0,996,0.0
588,1962,411,264,999,No,70.24318658280923,0.0,132,Gd,5,7,1963.0,3.0,999,0.0
0,1910,440,440,1230,No,60.0,0.0,0,TA,5,6,1966.0,2.0,682,548.0
567,1958,413,750,1053,No,69.0,85.0,80,Ex,5,7,1998.0,3.0,1053,345.57741347905284
662,2004,186,420,848,Gd,70.24318658280923,169.0,0,Gd,6,5,2004.0,1.0,848,0.0
1013,2003,440,558,1479,Av,72.0,167.0,29,Gd,7,5,2003.0,3.0,1479,0.0
624,1920,26,324,1482,No,50.0,0.0,0,TA,7,9,1930.0,3.0,832,650.0
131,1970,0,0,630,Av,21.0,0.0,0,TA,4,6,1979.0,1.0,630,0.0
324,1930,588,160,1248,No,52.0,0.0,0,TA,5,5,1957.0,2.0,912,336.0
903,1961,126,261,1029,Mn,61.0,192.0,0,TA,4,5,1961.0,3.0,1029,0.0
608,1958,834,301,1442,No,75.0,243.0,0,TA,6,6,1958.0,4.0,1442,0.0
16,2005,1232,438,1248,Av,43.0,16.0,0,Gd,7,5,2005.0,2.0,1248,0.0
187,1966,0,240,913,Gd,70.0,0.0,0,TA,6,5,1990.0,3.0,913,0.0
1274,2003,622,708,1944,Gd,90.0,0.0,175,Ex,9,5,2003.0,3.0,1944,0.0
1200,1991,78,496,1294,No,70.24318658280923,88.0,51,Gd,6,5,1991.0,3.0,1294,0.0
0,1998,1649,598,1661,No,48.0,442.0,34,Gd,7,5,1998.0,3.0,1661,0.0
249,1967,0,538,2126,Gd,70.24318658280923,0.0,0,TA,5,5,1967.0,3.0,1160,966.0
696,1958,162,0,858,Gd,50.0,0.0,0,TA,5,7,1979.0,2.0,858,0.0
0,1995,806,373,1572,No,70.24318658280923,0.0,40,TA,6,5,1995.0,3.0,806,766.0
421,1989,386,575,1982,Av,82.0,340.0,84,Gd,7,6,1989.0,3.0,1175,807.0
270,1964,452,309,1302,Gd,85.0,108.0,0,Gd,6,7,1964.0,3.0,1302,0.0
104,1963,0,516,816,Gd,110.0,0.0,0,TA,5,5,1963.0,2.0,816,0.0
659,1962,381,260,1040,No,70.24318658280923,0.0,104,TA,5,8,1962.0,3.0,1040,0.0
1071,1974,195,418,1389,Av,77.0,0.0,38,TA,5,5,1975.0,2.0,1389,0.0
1696,1995,413,839,2113,Gd,91.0,660.0,46,Gd,8,6,1995.0,2.0,2113,0.0
400,1963,380,483,1796,No,71.0,415.0,50,TA,6,5,1963.0,4.0,983,813.0
616,1921,0,205,616,No,50.0,0.0,0,TA,5,7,1921.0,2.0,616,0.0
0,1930,742,308,935,No,50.0,0.0,0,TA,5,6,1988.0,2.0,779,0.0
33,2007,1530,758,1563,No,78.0,468.0,99,Gd,8,5,2007.0,3.0,1563,0.0
0,1900,360,672,1812,No,76.0,0.0,0,Gd,5,9,1999.0,4.0,1032,345.57741347905284
0,1925,686,210,1328,No,57.0,0.0,172,TA,4,4,1940.0,3.0,810,518.0
0,2007,1266,388,1266,Av,43.0,16.0,16,Gd,7,5,2007.0,2.0,1266,0.0
1464,2004,536,888,2000,No,80.0,246.0,0,Gd,8,5,2004.0,3.0,2000,0.0
732,1993,64,480,1362,No,85.0,0.0,30,TA,5,5,1993.0,1.0,796,566.0
1358,2001,223,670,1601,Av,70.24318658280923,479.0,0,Gd,8,5,2001.0,3.0,1601,0.0
0,1954,901,281,901,No,50.0,0.0,0,TA,4,7,1954.0,2.0,901,0.0
0,1900,859,384,1178,Mn,66.0,0.0,0,TA,4,7,1964.0,2.0,859,319.0
560,1992,598,400,1167,No,70.24318658280923,106.0,26,Gd,6,6,1992.0,3.0,1167,0.0
0,1958,533,300,1601,No,85.0,0.0,34,TA,5,6,1958.0,2.873045078196872,1021,580.0
602,1969,14,460,1054,No,65.0,0.0,0,TA,6,8,1969.0,3.0,1054,0.0
969,1910,148,0,1347,Gd,70.0,0.0,0,TA,5,7,1979.0,3.0,820,527.0
0,2004,1375,398,1414,No,70.24318658280923,18.0,20,Gd,7,5,2004.0,2.0,1414,0.0
0,1930,637,280,1108,No,57.0,0.0,0,Gd,7,7,1930.0,3.0,1108,0.0
264,1925,712,216,1608,No,51.0,0.0,16,Gd,6,6,1925.0,3.0,1160,448.0
152,1946,977,0,3086,No,138.0,0.0,0,Ex,5,6,1979.0,3.0,1636,971.0
570,1953,203,240,773,No,57.0,0.0,0,TA,5,5,1953.0,2.0,773,0.0
141,1928,548,360,1378,No,60.0,0.0,0,Gd,7,9,1928.0,3.0,689,689.0
1351,2003,83,670,2149,No,48.0,0.0,43,Gd,7,5,2003.0,1.0,1518,631.0
562,1969,29,530,1968,Av,70.24318658280923,232.0,189,TA,5,4,1969.0,2.873045078196872,1168,800.0
655,1975,878,576,1533,Gd,62.0,0.0,54,Gd,7,5,1975.0,2.0,1533,0.0
565,1995,638,721,2520,No,82.0,290.0,114,Gd,7,5,1995.0,4.0,1214,1306.0
803,1962,303,540,1190,Av,70.0,120.0,18,TA,5,6,1962.0,3.0,1190,0.0
192,1935,536,1014,3447,Mn,70.24318658280923,632.0,12,Gd,8,9,1982.0,4.0,1968,1479.0
874,1976,268,528,1142,No,44.0,0.0,90,TA,5,5,1976.0,3.0,1142,0.0
565,1982,280,360,845,No,69.0,0.0,0,TA,4,6,1987.0,2.0,845,0.0
16,2005,1357,430,1555,Av,43.0,16.0,20,Gd,7,5,2005.0,2.0,1555,0.0
1300,2004,230,630,1530,Av,182.0,0.0,36,Gd,7,5,2004.0,3.0,1530,0.0
506,1977,0,492,1212,Av,88.0,46.0,12,TA,6,7,1978.0,3.0,1212,0.0
1300,2002,316,808,1629,Av,85.0,236.0,252,Gd,8,5,2002.0,3.0,1629,0.0
822,1977,564,544,1411,No,85.0,209.0,0,TA,7,5,1977.0,3.0,1411,0.0
1036,1918,140,795,3112,No,174.0,0.0,16,Gd,8,4,1918.0,2.873045078196872,1360,1360.0
0,1952,960,400,1960,No,60.0,360.0,0,TA,5,5,1952.0,4.0,960,1000.0
0,1966,876,408,904,No,70.24318658280923,41.0,0,TA,5,7,1966.0,3.0,904,0.0
0,1910,661,552,1250,No,53.0,0.0,0,TA,5,6,1985.0,3.0,661,589.0
641,1982,175,264,816,No,60.0,0.0,0,Gd,5,9,1982.0,3.0,816,0.0
0,2002,967,431,1908,No,85.0,0.0,0,Gd,8,5,2002.0,4.0,993,915.0
0,2003,1273,400,1456,Gd,70.24318658280923,40.0,20,Gd,8,5,2003.0,2.0,1456,0.0
216,1915,540,642,1717,No,60.0,0.0,35,Gd,7,5,1998.0,2.873045078196872,961,345.57741347905284
1260,2006,578,765,1838,Av,85.0,584.0,68,Ex,9,5,2006.0,2.0,1838,0.0
1373,2004,221,482,1646,Gd,44.0,174.0,53,Gd,8,5,2004.0,2.0,1646,0.0
0,1940,735,240,1034,No,60.0,0.0,39,TA,5,6,1940.0,2.0,735,299.0
27,2009,1191,676,1218,No,75.0,0.0,102,Gd,6,5,2009.0,2.0,1218,0.0
223,1936,794,180,2057,No,86.0,0.0,0,Gd,7,7,1936.0,3.0,1020,1037.0
713,1921,163,432,964,No,80.0,0.0,0,TA,5,7,1921.0,2.0,964,0.0
0,1927,656,216,968,No,60.0,0.0,0,TA,4,6,1928.0,4.0,968,0.0
684,2006,515,632,1220,Av,64.0,84.0,54,Gd,7,5,2006.0,2.0,1220,0.0
728,1954,568,924,1640,No,70.24318658280923,72.0,0,Gd,6,7,1993.0,3.0,1640,0.0
378,1977,311,299,1392,No,70.24318658280923,153.0,36,TA,6,7,1977.0,3.0,689,703.0
832,1961,80,288,912,Mn,65.0,0.0,0,Gd,6,8,1962.0,3.0,912,0.0
398,1950,317,720,864,No,60.0,0.0,0,Gd,5,8,1980.0,3.0,864,0.0
24,2006,1632,826,1656,Av,84.0,0.0,146,Gd,8,5,2006.0,3.0,1656,0.0
1445,2010,411,834,1856,Av,88.0,350.0,0,Ex,9,2,2010.0,1.0,1856,0.0
165,1993,598,533,1617,No,50.0,0.0,69,Gd,6,5,1993.0,2.0,1617,0.0
694,1999,284,490,1983,No,70.24318658280923,344.0,0,Gd,7,5,1999.0,3.0,1005,978.0
111,1958,522,297,912,No,70.0,0.0,285,TA,5,7,1958.0,2.0,912,0.0
0,1938,920,240,954,No,50.0,0.0,0,Fa,5,7,1938.0,2.0,954,0.0
144,1998,379,583,1680,No,78.0,0.0,73,Gd,7,5,1998.0,3.0,1680,0.0
775,1968,281,304,1056,No,65.0,0.0,85,TA,5,6,1968.0,3.0,1056,0.0
450,1967,414,288,899,No,65.0,89.0,0,Gd,5,7,1967.0,3.0,899,0.0
340,1959,0,305,1246,No,75.0,0.0,0,Gd,5,7,1959.0,3.0,1246,0.0
663,1963,396,264,1068,No,70.0,0.0,0,TA,6,8,1963.0,3.0,1068,0.0
0,1900,1095,779,1774,No,60.0,0.0,0,TA,4,2,1920.0,4.0,1095,679.0
0,1965,0,0,1664,Non,75.0,0.0,0,TA,5,5,1979.0,4.0,1664,0.0
662,2004,186,420,848,Av,70.24318658280923,205.0,0,Gd,6,5,2004.0,1.0,848,0.0
612,1959,252,300,864,No,70.0,0.0,0,TA,6,6,2008.0,2.0,864,0.0
620,1958,0,338,1632,No,80.0,183.0,0,TA,6,6,1958.0,3.0,1632,0.0
680,1978,289,588,1432,Gd,70.24318658280923,0.0,180,Gd,5,7,1978.0,2.0,1432,0.0
0,2003,0,672,1922,Non,64.0,500.0,0,Gd,7,5,2003.0,4.0,495,1427.0
521,1958,169,624,864,No,70.0,0.0,0,TA,5,5,1964.0,3.0,864,0.0
0,2006,1795,895,1795,Av,75.0,428.0,49,Gd,8,5,2007.0,2.0,1795,0.0
196,1977,1072,252,1268,Av,70.24318658280923,0.0,0,Gd,5,7,1978.0,3.0,1268,0.0
763,1963,173,480,1054,Gd,80.0,156.0,0,Gd,6,7,1963.0,3.0,1054,0.0
319,1962,539,490,1716,No,70.0,318.0,84,TA,6,6,1962.0,4.0,858,858.0
816,1995,1217,666,3238,Av,56.0,579.0,86,Gd,8,5,1996.0,4.0,2053,1185.0
0,1910,576,0,1140,No,55.0,0.0,160,TA,4,7,1979.0,3.0,792,348.0
0,2001,1753,748,1787,Gd,70.24318658280923,178.0,150,Gd,8,5,2001.0,3.0,1787,0.0
0,1920,648,440,1118,No,40.0,0.0,0,TA,6,8,1990.0,2.0,734,345.57741347905284
63,2006,1560,865,1636,No,116.0,208.0,60,Gd,8,5,2006.0,3.0,1636,0.0
0,1926,1276,282,2080,No,53.0,0.0,0,Gd,7,9,1926.0,3.0,1276,804.0
0,2005,600,480,1200,No,30.0,0.0,166,Gd,7,5,2005.0,2.0,520,600.0
144,1948,172,528,1122,No,100.0,0.0,36,Gd,5,7,1948.0,2.0,1122,345.57741347905284
0,1947,698,0,698,No,50.0,0.0,200,TA,5,9,1979.0,2.0,698,0.0
651,1963,470,480,1121,No,80.0,0.0,80,TA,5,6,1963.0,3.0,1121,0.0
1158,2000,343,499,1659,No,40.0,0.0,59,Ex,8,5,2000.0,2.0,1659,0.0
94,1945,641,220,1487,No,52.0,0.0,140,TA,6,4,1949.0,3.0,798,345.57741347905284
0,2003,1053,648,1992,No,75.0,768.0,45,Gd,8,5,2003.0,3.0,1053,345.57741347905284
285,1936,666,327,951,No,50.0,0.0,28,TA,4,6,1936.0,2.0,951,0.0
28,2005,1656,564,1684,No,63.0,616.0,72,Ex,9,5,2005.0,2.0,1684,0.0
290,1920,0,246,438,No,60.0,0.0,0,Fa,2,5,1930.0,1.0,438,0.0
0,1925,952,672,1548,No,55.0,0.0,0,Ex,7,7,1978.0,2.873045078196872,952,596.0
719,1959,300,312,1357,Av,124.0,84.0,0,Ex,6,7,1959.0,2.0,1357,0.0
632,1972,148,352,780,Av,60.0,0.0,0,TA,5,7,1973.0,2.0,780,0.0
0,1912,795,440,2230,No,60.0,0.0,188,TA,4,5,1997.0,5.0,954,795.0
0,1959,0,680,1588,Non,80.0,0.0,59,TA,4,4,1991.0,4.0,1120,468.0
695,1967,519,318,1214,No,70.24318658280923,196.0,111,TA,5,5,1967.0,2.873045078196872,1214,345.57741347905284
420,2000,336,440,1512,No,70.24318658280923,513.0,32,Gd,6,5,2000.0,2.0,756,756.0
763,1966,192,386,955,No,66.0,0.0,0,TA,5,7,1966.0,3.0,955,0.0
643,1965,445,440,1324,No,84.0,101.0,138,TA,6,5,1965.0,3.0,1324,0.0
0,2006,2153,694,2643,Av,105.0,772.0,84,Ex,9,5,2006.0,3.0,2069,574.0
301,1983,239,484,902,Av,70.24318658280923,0.0,0,TA,5,5,1983.0,2.0,902,0.0
317,1972,355,264,1218,No,21.0,281.0,28,TA,6,7,1972.0,2.873045078196872,672,546.0
0,1997,916,460,1600,Av,57.0,0.0,38,TA,6,5,1997.0,3.0,916,684.0
252,1998,901,541,2031,Av,75.0,202.0,84,Gd,7,5,1998.0,3.0,1153,878.0
692,1980,153,484,2353,No,94.0,278.0,195,Ex,7,7,1983.0,4.0,1153,345.57741347905284
442,1947,390,336,1216,No,80.0,0.0,0,TA,5,5,1947.0,2.0,832,384.0
781,1998,503,1069,2450,Mn,70.24318658280923,731.0,126,Gd,8,5,1998.0,3.0,1310,1140.0
462,1973,0,297,988,Gd,21.0,0.0,101,TA,4,5,1973.0,2.0,526,462.0
81,1980,23,452,1556,No,24.0,0.0,0,TA,6,6,1980.0,3.0,716,840.0
1274,2005,256,430,1530,Av,124.0,16.0,36,Gd,7,5,2005.0,2.873045078196872,1530,0.0
1148,1959,0,672,1148,No,70.0,0.0,0,TA,5,5,1959.0,3.0,1148,0.0
